"方向","代码","名称","订单价格","订单数量","订单金额","交易状态","已成交@均价","下单时间","类型","期限","盘前竞价","时段","触发价","允许开仓","市场","币种","订单来源","对外展示数量","开始时间","结束时间","成交数量","成交价格","成交金额","成交时间","市场","币种","对手经纪","备注","佣金","平台使用费","交收费","印花税","交易费","证监会征费","财汇局征费","证监会规费","交易活动费","综合审计跟踪监管费","合计费用"
"卖出","01888","建滔积层板","33.18","2,000","66,360.00","全部成交","2,000@33.18","2026/04/27 10:30:36 (香港)","限价单","当日有效","不允许","","","","港股","HKD","","","","","2,000","33.18","66,360.00","2026/04/27 10:30:37 (香港)","港股","HKD","2453","","19.91","30","2.79","67","3.75","1.79","0.1","","","","125.34"
"买入","NIO","蔚来","6.56","500","3,280.00","全部成交","500@6.5599","2026/04/22 10:28:01 (美东)","限价单","当日有效","","盘前+盘中+盘后","","","美股","USD","","","","","500","6.5599","3,279.95","2026/04/22 10:50:53 (美东)","美股","USD","","","5","0","1.5","","","","","","","","6.5"
"买入","SOFI","SoFi Technologies","16.50","690","11,385.00","等待提交","0@0.00","2026/04/21 11:06:14 (美东)","限价单","撤单前有效","","盘前+盘中+盘后","","","美股","USD","","","","","","","","","","","","","","","","","","","","","","",""
"买入","PDD","拼多多","105.90","30","3,177.00","全部成交","30@105.90","2026/04/17 10:31:21 (美东)","限价单","当日有效","","盘前+盘中+盘后","","","美股","USD","","","","","1","105.90","105.90","2026/04/17 10:32:31 (美东)","美股","USD","","","1.99","0","0.09","","","","","","","","2.08"
"","","","","","","","","","","","","","","","","","","","","","29","105.90","3,071.10","2026/04/17 10:32:31 (美东)","美股","USD","","","","","","","","","","","","",""
"卖出","NFLX","奈飞","97.07","30","2,912.10","全部成交","30@97.07","2026/04/17 10:30:45 (美东)","限价单","当日有效","","盘前+盘中+盘后","","","美股","USD","","","","","30","97.07","2,912.10","2026/04/17 10:31:09 (美东)","美股","USD","","","1.99","0","0.09","","","","","0.06","0.01","","2.15"
"买入","01276","恒瑞医药","65.00","1,000","65,000.00","全部成交","1,000@65.00","2026/04/14 09:29:53 (香港)","限价单","当日有效","不允许","","","","港股","HKD","","","","","1,000","65.00","65,000.00","2026/04/14 09:39:17 (香港)","港股","HKD","5999","","19.5","30","2.73","65","3.67","1.76","0.1","","","","122.76"
"卖出","AVGO","博通","368.80","10","3,688.00","已撤单","0@0.00","2026/04/10 11:52:06 (美东)","止损限价单","撤单前有效","","盘中","369.00","允许","美股","USD","","","","","","","","","","","","","","","","","","","","","","",""
"买入","PLTR","Palantir","128.33","30","3,849.90","全部成交","30@128.24","2026/04/10 11:50:22 (美东)","限价单","当日有效","","盘前+盘中+盘后","","","美股","USD","","","","","30","128.24","3,847.20","2026/04/10 11:50:23 (美东)","美股","USD","","","1.99","0","0.09","","","","","","","","2.08"
"卖出","AVGO","博通","374.84","10","3,748.40","全部成交","10@375.1118","2026/04/10 11:43:49 (美东)","限价单","当日有效","","盘前+盘中+盘后","","","美股","USD","","","","","10","375.1118","3,751.12","2026/04/10 11:43:50 (美东)","美股","USD","","","1.99","0","0.03","","","","","0.08","0.01","","2.11"
"买入","00700","腾讯控股","490.40","200","98,080.00","全部成交","200@490.40","2026/04/02 10:11:23 (香港)","限价单","当日有效","不允许","","","","港股","HKD","","","","","200","490.40","98,080.00","2026/04/02 10:11:24 (香港)","港股","HKD","4449","","29.42","30","4.12","99","5.54","2.65","0.15","","","","170.88"
"买入","RKLB","Rocket Lab","50.00","100","5,000.00","已撤单","0@0.00","2026/04/01 11:11:28 (美东)","限价单","撤单前有效","","盘前+盘中+盘后","","","美股","USD","","","","","","","","","","","","","","","","","","","","","","",""
"买入","PDD","拼多多","95.00","70","6,650.00","等待提交","0@0.00","2026/04/01 10:37:08 (美东)","限价单","撤单前有效","","盘中","","","美股","USD","","","","","","","","","","","","","","","","","","","","","","",""
"买入","PDD","拼多多","102.01","40","4,080.40","全部成交","40@102.01","2026/04/01 10:35:03 (美东)","限价单","当日有效","","盘前+盘中+盘后","","","美股","USD","","","","","40","102.01","4,080.40","2026/04/01 10:35:07 (美东)","美股","USD","","","1.99","0","0.12","","","","","","","","2.11"
"买入","RKLB","Rocket Lab","65.00","140","9,100.00","等待提交","0@0.00","2026/03/31 12:48:11 (美东)","限价单","撤单前有效","","盘前+盘中+盘后","","","美股","USD","","","","","","","","","","","","","","","","","","","","","","",""
"卖出","UNH","联合健康","264.58","2","529.16","全部成交","2@264.58","2026/03/31 09:47:49 (美东)","限价单","当日有效","","盘前+盘中+盘后","","","美股","USD","","","","","2","264.58","529.16","2026/03/31 09:47:50 (美东)","美股","USD","","","1.99","0","0.01","","","","","","0.01","","2.01"
"卖出","AMZN","亚马逊","205.79","5","1,028.95","全部成交","5@205.79","2026/03/31 09:47:34 (美东)","限价单","当日有效","","盘前+盘中+盘后","","","美股","USD","","","","","5","205.79","1,028.95","2026/03/31 09:47:37 (美东)","美股","USD","","","1.99","0","0.02","","","","","","0.01","","2.02"
"买入","AVGO","博通","299.80","20","5,996.00","全部成交","20@299.80","2026/03/31 09:46:52 (美东)","限价单","当日有效","","盘前+盘中+盘后","","","美股","USD","","","","","20","299.80","5,996.00","2026/03/31 09:47:23 (美东)","美股","USD","","","1.99","0","0.06","","","","","","","","2.05"
"卖出","NFLX","奈飞","94.58","60","5,674.80","全部成交","60@94.625","2026/03/31 09:46:37 (美东)","限价单","当日有效","","盘前+盘中+盘后","","","美股","USD","","","","","60","94.625","5,677.50","2026/03/31 09:46:37 (美东)","美股","USD","","","1.99","0","0.18","","","","","","0.01","","2.18"
"买入","NVDA","英伟达","165.00","50","8,250.00","全部成交","50@165.00","2026/03/28 21:48:35 (美东)","限价单","撤单前有效","","盘中","","","美股","USD","","","","","50","165.00","8,250.00","2026/03/30 15:07:25 (美东)","美股","USD","","","1.99","0","0.15","","","","","","","","2.14"
"买入","RKLB","Rocket Lab","51.00","100","5,100.00","已撤单","0@0.00","2026/03/28 21:47:53 (美东)","限价单","撤单前有效","","盘中","","","美股","USD","","","","","","","","","","","","","","","","","","","","","","",""
"买入","RKLB","Rocket Lab","55.00","100","5,500.00","已撤单","0@0.00","2026/03/28 21:47:30 (美东)","限价单","撤单前有效","","盘中","","","美股","USD","","","","","","","","","","","","","","","","","","","","","","",""
"买入","RKLB","Rocket Lab","60.00","100","6,000.00","全部成交","100@60.00","2026/03/28 21:47:15 (美东)","限价单","撤单前有效","","盘中","","","美股","USD","","","","","100","60.00","6,000.00","2026/03/30 09:30:15 (美东)","美股","USD","","","1.99","0","0.3","","","","","","","","2.29"
"卖出","00175","吉利汽车","20.48","5,000","102,400.00","全部成交","5,000@20.48","2026/03/26 13:09:58 (香港)","限价单","当日有效","不允许","","","","港股","HKD","","","","","5,000","20.48","102,400.00","2026/03/26 13:10:27 (香港)","港股","HKD","3532","","30.72","15","4.3","103","5.79","2.76","0.15","","","","161.72"
"买入","PDD","拼多多","100.00","30","3,000.00","全部成交","30@100.00","2026/03/25 11:53:45 (美东)","限价单","撤单前有效","","盘中","","","美股","USD","","","","","30","100.00","3,000.00","2026/03/26 12:01:51 (美东)","美股","USD","","","1.99","0","0.09","","","","","","","","2.08"
"买入","PDD","拼多多","105.00","50","5,250.00","全部成交","50@104.9891","2026/03/25 11:50:34 (美东)","限价单","当日有效","","盘前+盘中+盘后","","","美股","USD","","","","","50","104.9891","5,249.46","2026/03/25 11:52:36 (美东)","美股","USD","","","1.99","0","0.15","","","","","","","","2.14"
"卖出","00175","吉利汽车","20.80","5,000","104,000.00","已撤单","0@0.00","2026/03/25 10:39:57 (香港)","止损限价单","当日有效","","","20.80","允许","港股","HKD","","","","","","","","","","","","","","","","","","","","","","",""
"买入","GOOG","谷歌-C","293.44","2","586.88","全部成交","2@293.44","2026/03/24 11:13:02 (美东)","限价单","当日有效","","盘前+盘中+盘后","","","美股","USD","","","","","2","293.44","586.88","2026/03/24 11:13:03 (美东)","美股","USD","","","1.99","0","0.01","","","","","","","","2"
"买入","GOOG","谷歌-C","293.38","2","586.76","已撤单","0@0.00","2026/03/24 11:12:41 (美东)","限价单","当日有效","","盘前+盘中+盘后","","","美股","USD","","","","","","","","","","","","","","","","","","","","","","",""
"卖出","CRCL","Circle","104.58","5","522.90","全部成交","5@104.58","2026/03/24 11:12:21 (美东)","限价单","当日有效","","盘前+盘中+盘后","","","美股","USD","","","","","5","104.58","522.90","2026/03/24 11:12:27 (美东)","美股","USD","","","1.99","0","0.02","","","","","","0.01","","2.02"
"买入","NVDA","英伟达","150.00","100","15,000.00","已撤单","0@0.00","2026/03/24 10:07:07 (美东)","限价单","撤单前有效","","盘中","","","美股","USD","","","","","","","","","","","","","","","","","","","","","","",""
"买入","MSFT","微软","375.47","10","3,754.70","全部成交","10@375.47","2026/03/24 09:59:12 (美东)","限价单","当日有效","","盘前+盘中+盘后","","","美股","USD","","","","","9","375.47","3,379.23","2026/03/24 09:59:20 (美东)","美股","USD","","","1.99","0","0.03","","","","","","","","2.02"
"","","","","","","","","","","","","","","","","","","","","","1","375.47","375.47","2026/03/24 09:59:20 (美东)","美股","USD","","","","","","","","","","","","",""
"卖出","00175","吉利汽车","19.89","5,000","99,450.00","全部成交","5,000@19.89","2026/03/24 10:12:10 (香港)","限价单","当日有效","不允许","","","","港股","HKD","","","","","5,000","19.89","99,450.00","2026/03/24 10:12:25 (香港)","港股","HKD","3537","","29.84","15","4.18","100","5.62","2.69","0.15","","","","157.48"
"买入","06160","百济神州","163.90","100","16,390.00","全部成交","100@163.90","2026/03/24 10:10:30 (香港)","限价单","当日有效","不允许","","","","港股","HKD","","","","","100","163.90","16,390.00","2026/03/24 10:10:30 (香港)","港股","HKD","8443","","4.92","15","0.69","17","0.93","0.44","0.02","","","","39"
"买入","01888","建滔积层板","19.03","2,000","38,060.00","全部成交","2,000@19.03","2026/03/24 09:52:11 (香港)","限价单","当日有效","不允许","","","","港股","HKD","","","","","2,000","19.03","38,060.00","2026/03/24 09:52:17 (香港)","港股","HKD","9068","","11.42","15","1.6","39","2.15","1.03","0.06","","","","70.26"
"买入","NVDA","英伟达","175.78","30","5,273.40","全部成交","30@175.7698","2026/03/23 12:54:16 (美东)","限价单","当日有效","","盘前+盘中+盘后","","","美股","USD","","","","","30","175.7698","5,273.09","2026/03/23 12:54:16 (美东)","美股","USD","","","1.99","0","0.09","","","","","","","","2.08"
"买入","META","Meta Platforms","606.44","10","6,064.40","全部成交","10@606.44","2026/03/19 11:56:48 (美东)","限价单","当日有效","","盘前+盘中+盘后","","","美股","USD","","","","","10","606.44","6,064.40","2026/03/19 11:56:49 (美东)","美股","USD","","","1.99","0","0.03","","","","","","","","2.02"
"卖出","NFLX","奈飞","92.33","20","1,846.60","全部成交","20@92.335","2026/03/19 11:42:38 (美东)","限价单","当日有效","","盘前+盘中+盘后","","","美股","USD","","","","","20","92.335","1,846.70","2026/03/19 11:42:38 (美东)","美股","USD","","","1.99","0","0.06","","","","","","0.01","","2.06"
"卖出","CRCL","Circle","125.65","90","11,308.50","全部成交","90@125.695","2026/03/19 11:24:23 (美东)","限价单","当日有效","","盘前+盘中+盘后","","","美股","USD","","","","","90","125.695","11,312.55","2026/03/19 11:24:24 (美东)","美股","USD","","","1.99","0","0.27","","","","","","0.02","","2.28"
"卖出","TSLA","特斯拉","382.96","50","19,148.00","全部成交","50@382.96","2026/03/19 11:21:33 (美东)","限价单","当日有效","","盘前+盘中+盘后","","","美股","USD","","","","","50","382.96","19,148.00","2026/03/19 11:21:38 (美东)","美股","USD","","","1.99","0","0.15","","","","","","0.01","","2.15"
"卖出","NIO","蔚来","5.78","200","1,156.00","全部成交","200@5.785","2026/03/19 09:59:35 (美东)","限价单","当日有效","","盘前+盘中+盘后","","","美股","USD","","","","","200","5.785","1,157.00","2026/03/19 09:59:36 (美东)","美股","USD","","","2","0","0.6","","","","","","0.04","","2.64"
"买入","01810","小米集团-W","35.64","1,000","35,640.00","全部成交","1,000@35.62","2026/03/17 09:33:10 (香港)","限价单","当日有效","不允许","","","","港股","HKD","","","","","1,000","35.62","35,620.00","2026/03/17 09:33:11 (香港)","港股","HKD","4497","","10.69","15","1.5","36","2.01","0.96","0.05","","","","66.21"
"买入","01810","小米集团-W","35.50","1,000","35,500.00","已撤单","0@0.00","2026/03/17 09:31:05 (香港)","限价单","当日有效","不允许","","","","港股","HKD","","","","","","","","","","","","","","","","","","","","","","",""
"买入","MSFT","微软","375.00","40","15,000.00","全部成交","40@375.00","2026/03/16 11:30:16 (美东)","限价单","撤单前有效","","盘中","","","美股","USD","","","","","40","375.00","15,000.00","2026/03/24 10:04:41 (美东)","美股","USD","","","1.99","0","0.12","","","","","","","","2.11"
"买入","01810","小米集团-W","34.00","1,000","34,000.00","已撤单","0@0.00","2026/03/16 11:38:15 (香港)","限价单","当日有效","不允许","","","","港股","HKD","","","","","","","","","","","","","","","","","","","","","","",""
"买入","NVDA","英伟达","170.00","30","5,100.00","已撤单","0@0.00","2026/03/09 13:32:58 (美东)","限价单","撤单前有效","","盘中","","","美股","USD","","","","","","","","","","","","","","","","","","","","","","",""
"买入","NVDA","英伟达","178.81","20","3,576.20","全部成交","20@178.81","2026/03/09 10:39:16 (美东)","限价单","当日有效","","盘前+盘中+盘后","","","美股","USD","","","","","20","178.81","3,576.20","2026/03/09 10:39:18 (美东)","美股","USD","","","1.99","0","0.06","","","","","","","","2.05"
"买入","01810","小米集团-W","33.68","1,000","33,680.00","全部成交","1,000@33.68","2026/03/09 14:05:21 (香港)","限价单","当日有效","不允许","","","","港股","HKD","","","","","1,000","33.68","33,680.00","2026/03/09 14:05:21 (香港)","港股","HKD","5999","","10.1","15","1.41","34","1.9","0.91","0.05","","","","63.37"
"卖出","00285","比亚迪电子","29.98","1,000","29,980.00","全部成交","1,000@29.98","2026/03/09 14:05:12 (香港)","限价单","当日有效","不允许","","","","港股","HKD","","","","","1,000","29.98","29,980.00","2026/03/09 14:05:12 (香港)","港股","HKD","6387","","8.99","15","1.26","30","1.69","0.81","0.04","","","","57.79"
"买入","01810","小米集团-W","33.72","1,000","33,720.00","全部成交","1,000@33.72","2026/03/09 14:03:00 (香港)","限价单","当日有效","不允许","","","","港股","HKD","","","","","800","33.72","26,976.00","2026/03/09 14:03:00 (香港)","港股","HKD","6999","","10.12","15","1.41","34","1.9","0.91","0.05","","","","63.39"
"","","","","","","","","","","","","","","","","","","","","","200","33.72","6,744.00","2026/03/09 14:03:00 (香港)","港股","HKD","4480","","","","","","","","","","","",""
"买入","SOFI","SoFi Technologies","18.66","10","186.60","全部成交","10@18.66","2026/03/06 10:15:20 (美东)","限价单","当日有效","","盘前+盘中+盘后","","","美股","USD","","","","","10","18.66","186.60","2026/03/06 10:26:10 (美东)","美股","USD","","","1.99","0","0.03","","","","","","","","2.02"
"买入","NIO","蔚来","4.69","100","469.00","全部成交","100@4.69","2026/03/06 09:35:19 (美东)","限价单","当日有效","","盘前+盘中+盘后","","","美股","USD","","","","","100","4.69","469.00","2026/03/06 09:35:22 (美东)","美股","USD","","","1.99","0","0.3","","","","","","","","2.29"
"买入","NFLX","奈飞","99.43","20","1,988.60","全部成交","20@99.43","2026/03/06 09:32:56 (美东)","限价单","当日有效","","盘前+盘中+盘后","","","美股","USD","","","","","20","99.43","1,988.60","2026/03/06 09:32:58 (美东)","美股","USD","","","1.99","0","0.06","","","","","","","","2.05"
"买入","00270","粤海投资","6.80","26,000","176,800.00","已撤单","0@0.00","2026/03/05 17:29:03 (香港)","限价单","撤单前有效","不允许","","","","港股","HKD","","","","","","","","","","","","","","","","","","","","","","",""
"买入","09988","阿里巴巴-W","126.70","300","38,010.00","全部成交","300@126.70","2026/03/05 15:56:39 (香港)","限价单","当日有效","不允许","","","","港股","HKD","","","","","300","126.70","38,010.00","2026/03/05 15:56:39 (香港)","港股","HKD","3448","","11.4","15","1.6","39","2.15","1.03","0.06","","","","70.24"
"买入","09988","阿里巴巴-W","126.70","200","25,340.00","全部成交","200@126.70","2026/03/05 15:56:16 (香港)","限价单","当日有效","不允许","","","","港股","HKD","","","","","200","126.70","25,340.00","2026/03/05 15:56:17 (香港)","港股","HKD","2026","","7.6","30","1.06","26","1.43","0.68","0.04","","","","66.81"
"卖出","01888","建滔积层板","22.02","5,000","110,100.00","全部成交","5,000@22.02","2026/03/04 11:12:50 (香港)","限价单","当日有效","不允许","","","","港股","HKD","","","","","5,000","22.02","110,100.00","2026/03/04 11:13:05 (香港)","港股","HKD","3535","","33.03","30","4.62","111","6.22","2.97","0.17","","","","188.01"
"卖出","01276","恒瑞医药","62.25","2,000","124,500.00","全部成交","2,000@62.25","2026/03/03 15:55:39 (香港)","限价单","当日有效","不允许","","","","港股","HKD","","","","","2,000","62.25","124,500.00","2026/03/03 15:56:20 (香港)","港股","HKD","1799","","37.35","30","5.23","125","7.03","3.36","0.19","","","","208.16"
"卖出","01888","建滔积层板","22.42","5,000","112,100.00","全部成交","5,000@22.42","2026/03/03 15:55:03 (香港)","限价单","当日有效","不允许","","","","港股","HKD","","","","","5,000","22.42","112,100.00","2026/03/03 15:55:08 (香港)","港股","HKD","8460","","33.63","30","4.71","113","6.33","3.03","0.17","","","","190.87"
"卖出","01888","建滔积层板","24.50","3,000","73,500.00","全部成交","3,000@24.50","2026/03/02 09:36:40 (香港)","限价单","当日有效","不允许","","","","港股","HKD","","","","","3,000","24.50","73,500.00","2026/03/02 09:37:34 (香港)","港股","HKD","2414","","22.05","30","3.09","74","4.15","1.98","0.11","","","","135.38"
"买入","NIO","蔚来","4.97","100","497.00","全部成交","100@4.97","2026/02/27 10:14:59 (美东)","限价单","当日有效","","盘前+盘中+盘后","","","美股","USD","","","","","100","4.97","497.00","2026/02/27 10:16:24 (美东)","美股","USD","","","1.99","0","0.3","","","","","","","","2.29"
"卖出","01888","建滔积层板","23.10","2,000","46,200.00","全部成交","2,000@23.10","2026/02/27 09:31:58 (香港)","限价单","当日有效","不允许","","","","港股","HKD","","","","","1,500","23.10","34,650.00","2026/02/27 09:32:01 (香港)","港股","HKD","1679","","13.86","15","1.95","47","2.61","1.25","0.07","","","","81.74"
"","","","","","","","","","","","","","","","","","","","","","500","23.10","11,550.00","2026/02/27 09:32:00 (香港)","港股","HKD","6997","","","","","","","","","","","",""
"买入","CRCL","Circle","78.00","50","3,900.00","已撤单","0@0.00","2026/02/26 10:53:40 (美东)","限价单","撤单前有效","","盘中","","","美股","USD","","","","","","","","","","","","","","","","","","","","","","",""
"买入","AVGO","博通","300.00","17","5,100.00","已撤单","0@0.00","2026/02/26 10:39:39 (美东)","限价单","撤单前有效","","盘前+盘中+盘后","","","美股","USD","","","","","","","","","","","","","","","","","","","","","","",""
"卖出","01888","建滔积层板","23.45","5,000","117,250.00","下单失败","0@0.00","2026/02/26 13:12:22 (香港)","止损限价单","撤单前有效","","","23.50","允许","港股","HKD","","","","","","","","","","","","","","","","","","","","","","",""
"买入","09988","阿里巴巴-W","143.00","300","42,900.00","全部成交","300@143.00","2026/02/26 10:02:41 (香港)","限价单","撤单前有效","不允许","","","","港股","HKD","","","","","300","143.00","42,900.00","2026/02/27 09:30:48 (香港)","港股","HKD","5998","","12.87","15","1.8","43","2.42","1.16","0.06","","","","76.31"
"买入","NFLX","奈飞","78.00","20","1,560.00","已撤单","0@0.00","2026/02/25 09:45:02 (美东)","限价单","撤单前有效","","盘前+盘中+盘后","","","美股","USD","","","","","","","","","","","","","","","","","","","","","","",""
"买入","NFLX","奈飞","81.00","20","1,620.00","全部成交","20@81.00","2026/02/25 09:44:23 (美东)","限价单","当日有效","","盘前+盘中+盘后","","","美股","USD","","","","","20","81.00","1,620.00","2026/02/25 10:08:01 (美东)","美股","USD","","","1.99","0","0.06","","","","","","","","2.05"
"买入","NFLX","奈飞","80.95","10","809.50","全部成交","10@80.95","2026/02/25 09:43:55 (美东)","限价单","当日有效","","盘前+盘中+盘后","","","美股","USD","","","","","10","80.95","809.50","2026/02/25 09:43:56 (美东)","美股","USD","","","1.99","0","0.03","","","","","","","","2.02"
"卖出","01888","建滔积层板","25.00","5,000","125,000.00","已撤单","0@0.00","2026/02/25 09:39:57 (香港)","限价单","撤单前有效","不允许","","","","港股","HKD","","","","","","","","","","","","","","","","","","","","","","",""
"买入","MSFT","微软","360.00","50","18,000.00","已撤单","0@0.00","2026/02/24 09:03:18 (美东)","限价单","撤单前有效","","盘中","","","美股","USD","","","","","","","","","","","","","","","","","","","","","","",""
"卖出","01888","建滔积层板","20.50","12,000","246,000.00","已撤单","0@0.00","2026/02/24 21:56:23 (香港)","止损限价单","撤单前有效","","","20.50","允许","港股","HKD","","","","","","","","","","","","","","","","","","","","","","",""
"卖出","01888","建滔积层板","22.25","7,000","155,750.00","已撤单","0@0.00","2026/02/24 21:42:32 (香港)","止损限价单","撤单前有效","","","22.30","允许","港股","HKD","","","","","","","","","","","","","","","","","","","","","","",""
"买入","META","Meta Platforms","595.00","10","5,950.00","全部成交","10@594.98","2026/02/17 12:29:15 (美东)","限价单","撤单前有效","","盘中","","","美股","USD","","","","","10","594.98","5,949.80","2026/03/20 09:54:01 (美东)","美股","USD","","","1.99","0","0.03","","","","","","","","2.02"
"买入","SOFI","SoFi Technologies","19.60","100","1,960.00","全部成交","100@19.5997","2026/02/17 12:24:43 (美东)","限价单","当日有效","","盘前+盘中+盘后","","","美股","USD","","","","","100","19.5997","1,959.97","2026/02/17 12:25:06 (美东)","美股","USD","","","1.99","0","0.3","","","","","","","","2.29"
"买入","NVDA","英伟达","170.00","50","8,500.00","已撤单","0@0.00","2026/02/17 12:19:40 (美东)","限价单","撤单前有效","","盘中","","","美股","USD","","","","","","","","","","","","","","","","","","","","","","",""
"买入","09988","阿里巴巴-W","150.00","200","30,000.00","全部成交","200@150.00","2026/02/16 09:54:24 (香港)","限价单","撤单前有效","不允许","","","","港股","HKD","","","","","200","150.00","30,000.00","2026/02/20 09:32:23 (香港)","港股","HKD","1478","","9","15","1.26","30","1.7","0.81","0.05","","","","57.82"
"卖出","01888","建滔积层板","19.50","5,000","97,500.00","已撤单","0@0.00","2026/02/13 14:20:32 (香港)","限价单","当日有效","不允许","","","","港股","HKD","","","","","","","","","","","","","","","","","","","","","","",""
"买入","01810","小米集团-W","36.40","200","7,280.00","全部成交","200@36.40","2026/02/13 11:23:18 (香港)","限价单","当日有效","不允许","","","","港股","HKD","","","","","200","36.40","7,280.00","2026/02/13 11:24:17 (香港)","港股","HKD","2400","","3","15","0.31","8","0.41","0.2","0.01","","","","26.93"
"买入","01810","小米集团-W","36.50","400","14,600.00","全部成交","400@36.50","2026/02/13 11:20:57 (香港)","限价单","当日有效","不允许","","","","港股","HKD","","","","","400","36.50","14,600.00","2026/02/13 11:20:57 (香港)","港股","HKD","3079","","4.38","15","0.61","15","0.82","0.39","0.02","","","","36.22"
"买入","01810","小米集团-W","36.50","400","14,600.00","全部成交","400@36.50","2026/02/13 11:15:40 (香港)","限价单","当日有效","不允许","","","","港股","HKD","","","","","400","36.50","14,600.00","2026/02/13 11:15:41 (香港)","港股","HKD","3286","","4.38","15","0.61","15","0.82","0.39","0.02","","","","36.22"
"卖出","03690","美团-W","81.60","200","16,320.00","已撤单","0@0.00","2026/02/13 11:14:13 (香港)","限价单","当日有效","不允许","","","","港股","HKD","","","","","","","","","","","","","","","","","","","","","","",""
"买入","09988","阿里巴巴-W","154.90","100","15,490.00","全部成交","100@154.90","2026/02/13 09:40:56 (香港)","限价单","当日有效","不允许","","","","港股","HKD","","","","","100","154.90","15,490.00","2026/02/13 09:40:56 (香港)","港股","HKD","3187","","4.65","15","0.65","16","0.88","0.42","0.02","","","","37.62"
"卖出","RKLB","Rocket Lab","市价","140","9,000.81","全部成交","140@64.2915","2026/02/12 13:45:30 (美东)","止损市价单","撤单前有效","","盘中","64.50","允许","美股","USD","","","","","140","64.2915","9,000.81","2026/02/27 09:31:36 (美东)","美股","USD","","","1.99","0","0.42","","","","","","0.03","","2.44"
"卖出","AVGO","博通","330.80","30","9,924.00","全部成交","30@330.975","2026/02/12 13:44:14 (美东)","止损限价单","撤单前有效","","盘中","331.00","允许","美股","USD","","","","","30","330.975","9,929.25","2026/02/12 15:20:00 (美东)","美股","USD","","","1.99","0","0.09","","","","","","0.01","","2.09"
"买入","RKLB","Rocket Lab","52.00","300","15,600.00","已撤单","0@0.00","2026/02/12 06:59:50 (美东)","限价单","撤单前有效","","盘中","","","美股","USD","","","","","","","","","","","","","","","","","","","","","","",""
"卖出","01888","建滔积层板","19.42","2,000","38,840.00","全部成交","2,000@19.42","2026/02/12 15:36:15 (香港)","限价单","当日有效","不允许","","","","港股","HKD","","","","","2,000","19.42","38,840.00","2026/02/12 15:38:27 (香港)","港股","HKD","5346","","11.65","15","1.63","39","2.19","1.05","0.06","","","","70.58"
"卖出","01888","建滔积层板","19.48","3,000","58,440.00","全部成交","3,000@19.48","2026/02/12 15:32:50 (香港)","限价单","当日有效","不允许","","","","港股","HKD","","","","","500","19.48","9,740.00","2026/02/12 15:58:51 (香港)","港股","HKD","141","","17.53","15","2.46","59","3.3","1.57","0.08","","","","98.94"
"","","","","","","","","","","","","","","","","","","","","","2,000","19.48","38,960.00","2026/02/12 15:58:50 (香港)","港股","HKD","3278","","","","","","","","","","","",""
"","","","","","","","","","","","","","","","","","","","","","500","19.48","9,740.00","2026/02/12 15:58:50 (香港)","港股","HKD","5339","","","","","","","","","","","",""
"买入","09988","阿里巴巴-W","155.00","100","15,500.00","已撤单","0@0.00","2026/02/12 09:41:10 (香港)","限价单","当日有效","不允许","","","","港股","HKD","","","","","","","","","","","","","","","","","","","","","","",""
"卖出","01888","建滔积层板","19.50","5,000","97,500.00","已撤单","0@0.00","2026/02/12 09:40:45 (香港)","限价单","撤单前有效","不允许","","","","港股","HKD","","","","","","","","","","","","","","","","","","","","","","",""
"买入","09988","阿里巴巴-W","158.00","100","15,800.00","全部成交","100@158.00","2026/02/12 09:39:27 (香港)","限价单","当日有效","不允许","","","","港股","HKD","","","","","100","158.00","15,800.00","2026/02/12 09:41:02 (香港)","港股","HKD","6998","","4.74","15","0.66","16","0.89","0.43","0.02","","","","37.74"
"买入","AMZN","亚马逊","205.04","5","1,025.20","全部成交","5@205.04","2026/02/11 11:14:43 (美东)","限价单","当日有效","","盘前+盘中+盘后","","","美股","USD","","","","","5","205.04","1,025.20","2026/02/11 11:15:17 (美东)","美股","USD","","","1.99","0","0.02","","","","","","","","2.01"
"买入","NIO","蔚来","4.95","100","495.00","已撤单","0@0.00","2026/02/11 09:24:27 (美东)","限价单","当日有效","","盘中","","","美股","USD","","","","","","","","","","","","","","","","","","","","","","",""
"卖出","01888","建滔积层板","18.70","5,000","93,500.00","全部成交","5,000@18.70","2026/02/11 15:58:02 (香港)","限价单","当日有效","不允许","","","","港股","HKD","","","","","500","18.70","9,350.00","2026/02/11 15:58:16 (香港)","港股","HKD","9056","","28.05","15","3.92","95","5.28","2.52","0.14","","","","149.91"
"","","","","","","","","","","","","","","","","","","","","","4,500","18.70","84,150.00","2026/02/11 15:58:16 (香港)","港股","HKD","1836","","","","","","","","","","","",""
"买入","01276","恒瑞医药","70.55","2,000","141,100.00","全部成交","2,000@70.55","2026/02/11 09:43:01 (香港)","限价单","当日有效","不允许","","","","港股","HKD","","","","","600","70.55","42,330.00","2026/02/11 09:43:06 (香港)","港股","HKD","4487","","42.33","15","5.93","142","7.97","3.81","0.21","","","","217.25"
"","","","","","","","","","","","","","","","","","","","","","1,400","70.55","98,770.00","2026/02/11 09:43:06 (香港)","港股","HKD","6996","","","","","","","","","","","",""
"买入","01276","恒瑞医药","70.20","1,000","70,200.00","已撤单","0@0.00","2026/02/11 09:39:46 (香港)","限价单","当日有效","不允许","","","","港股","HKD","","","","","","","","","","","","","","","","","","","","","","",""
"买入","NFLX","奈飞","71.00","100","7,100.00","已撤单","0@0.00","2026/02/09 12:49:48 (美东)","限价单","撤单前有效","","盘中","","","美股","USD","","","","","","","","","","","","","","","","","","","","","","",""
"买入","TSLA","特斯拉","395.00","25","9,875.00","全部成交","25@394.97","2026/02/09 12:47:34 (美东)","限价单","撤单前有效","","盘中","","","美股","USD","","","","","25","394.97","9,874.25","2026/02/23 12:39:48 (美东)","美股","USD","","","1.99","0","0.08","","","","","","","","2.07"
"买入","MSFT","微软","395.00","10","3,950.00","全部成交","10@395.00","2026/02/09 12:43:52 (美东)","限价单","撤单前有效","","盘中","","","美股","USD","","","","","10","395.00","3,950.00","2026/02/17 09:53:46 (美东)","美股","USD","","","1.99","0","0.03","","","","","","","","2.02"
"买入","MSFT","微软","412.46","10","4,124.60","全部成交","10@412.46","2026/02/09 12:43:11 (美东)","限价单","当日有效","","盘前+盘中+盘后","","","美股","USD","","","","","10","412.46","4,124.60","2026/02/09 12:43:12 (美东)","美股","USD","","","1.99","0","0.03","","","","","","","","2.02"
"买入","09988","阿里巴巴-W","155.00","200","31,000.00","已撤单","0@0.00","2026/02/09 09:13:24 (香港)","限价单","当日有效","不允许","","","","港股","HKD","","","","","","","","","","","","","","","","","","","","","","",""
"卖出","MSFT","微软","369.80","40","14,792.00","已撤单","0@0.00","2026/02/06 11:07:53 (美东)","止损限价单","撤单前有效","","盘中","370.00","不允许","美股","USD","","","","","","","","","","","","","","","","","","","","","","",""
"卖出","MSFT","微软","396.50","60","23,790.00","全部成交","60@396.55","2026/02/06 10:11:18 (美东)","限价单","当日有效","","盘前+盘中+盘后","","","美股","USD","","","","","60","396.55","23,793.00","2026/02/06 10:11:18 (美东)","美股","USD","","","1.99","0","0.18","","","","","","0.01","","2.18"
"卖出","MSFT","微软","394.90","80","31,592.00","已撤单","0@0.00","2026/02/06 10:08:56 (美东)","止损限价单","撤单前有效","","盘前+盘中+盘后","395.00","允许","美股","USD","","","","","","","","","","","","","","","","","","","","","","",""
"买入","MSFT","微软","395.83","100","39,583.00","全部成交","100@395.77","2026/02/06 10:05:31 (美东)","限价单","当日有效","","盘前+盘中+盘后","","","美股","USD","","","","","100","395.77","39,577.00","2026/02/06 10:05:31 (美东)","美股","USD","","","1.99","0","0.3","","","","","","","","2.29"
"买入","09988","阿里巴巴-W","150.00","200","30,000.00","已撤单","0@0.00","2026/02/06 14:25:40 (香港)","限价单","撤单前有效","不允许","","","","港股","HKD","","","","","","","","","","","","","","","","","","","","","","",""
"买入","09988","阿里巴巴-W","142.00","500","71,000.00","已撤单","0@0.00","2026/02/06 14:25:09 (香港)","限价单","撤单前有效","不允许","","","","港股","HKD","","","","","","","","","","","","","","","","","","","","","","",""
"买入","09988","阿里巴巴-W","155.00","300","46,500.00","全部成交","300@155.00","2026/02/06 14:24:54 (香港)","限价单","撤单前有效","不允许","","","","港股","HKD","","","","","300","155.00","46,500.00","2026/02/06 15:00:07 (香港)","港股","HKD","9018","","13.95","15","1.95","47","2.63","1.26","0.07","","","","81.86"
"买入","SOFI","SoFi Technologies","16.50","400","6,600.00","全部成交","400@16.50","2026/02/05 11:05:04 (美东)","限价单","撤单前有效","","盘前+盘中+盘后","","","美股","USD","","","","","400","16.50","6,600.00","2026/03/17 14:29:09 (美东)","美股","USD","","","4","0","1.2","","","","","","","","5.2"
"买入","SOFI","SoFi Technologies","19.44","150","2,916.00","全部成交","150@19.44","2026/02/05 11:02:42 (美东)","限价单","当日有效","","盘前+盘中+盘后","","","美股","USD","","","","","150","19.44","2,916.00","2026/02/05 11:03:01 (美东)","美股","USD","","","1.99","0","0.45","","","","","","","","2.44"
"买入","TSLA","特斯拉","350.00","50","17,500.00","全部成交","50@350.00","2026/02/04 13:01:46 (美东)","限价单","撤单前有效","","盘前+盘中+盘后","","","美股","USD","","","","","50","350.00","17,500.00","2026/04/06 12:59:05 (美东)","美股","USD","","","1.99","0","0.15","","","","","","","","2.14"
"买入","09988","阿里巴巴-W","145.00","500","72,500.00","已撤单","0@0.00","2026/02/04 00:09:37 (香港)","限价单","撤单前有效","不允许","","","","港股","HKD","","","","","","","","","","","","","","","","","","","","","","",""
"买入","09988","阿里巴巴-W","155.00","500","77,500.00","已撤单","0@0.00","2026/02/04 00:09:24 (香港)","限价单","撤单前有效","不允许","","","","港股","HKD","","","","","","","","","","","","","","","","","","","","","","",""
"买入","09988","阿里巴巴-W","160.00","300","48,000.00","全部成交","300@160.00","2026/02/03 11:29:09 (香港)","限价单","当日有效","不允许","","","","港股","HKD","","","","","300","160.00","48,000.00","2026/02/03 11:29:09 (香港)","港股","HKD","8566","","14.4","30","2.02","48","2.71","1.3","0.07","","","","98.5"
"卖出","00175","吉利汽车","15.76","20,000","315,200.00","全部成交","20,000@15.78","2026/02/03 10:19:13 (香港)","限价单","当日有效","不允许","","","","港股","HKD","","","","","8,000","15.78","126,240.00","2026/02/03 10:19:13 (香港)","港股","HKD","8410","","94.68","30","13.25","317","17.83","8.53","0.47","","","","481.76"
"","","","","","","","","","","","","","","","","","","","","","1,000","15.78","15,780.00","2026/02/03 10:19:13 (香港)","港股","HKD","8533","","","","","","","","","","","",""
"","","","","","","","","","","","","","","","","","","","","","11,000","15.78","173,580.00","2026/02/03 10:19:13 (香港)","港股","HKD","8415","","","","","","","","","","","",""
"买入","UNH","联合健康","289.78","2","579.56","全部成交","2@289.78","2026/02/02 11:21:27 (美东)","限价单","当日有效","","盘前+盘中+盘后","","","美股","USD","","","","","2","289.78","579.56","2026/02/02 11:21:27 (美东)","美股","USD","","","1.99","0","0.01","","","","","","","","2"
"买入","09988","阿里巴巴-W","165.30","200","33,060.00","全部成交","200@165.30","2026/02/02 09:36:37 (香港)","限价单","当日有效","不允许","","","","港股","HKD","","","","","200","165.30","33,060.00","2026/02/02 09:36:53 (香港)","港股","HKD","6999","","9.92","30","1.39","34","1.87","0.89","0.05","","","","78.12"
"买入","MSFT","微软","425.00","10","4,250.00","已撤单","0@0.00","2026/01/30 11:58:54 (美东)","限价单","撤单前有效","","盘前+盘中+盘后","","","美股","USD","","","","","","","","","","","","","","","","","","","","","","",""
"卖出","AAPL","苹果","256.33","2","512.66","全部成交","2@256.3408","2026/01/30 11:51:07 (美东)","限价单","当日有效","","盘前+盘中+盘后","","","美股","USD","","","","","2","256.3408","512.68","2026/01/30 11:51:07 (美东)","美股","USD","","","1.99","0","0.01","","","","","","0.01","","2.01"
"卖出","GOOG","谷歌-C","339.02","2","678.04","全部成交","2@339.02","2026/01/30 11:50:49 (美东)","限价单","当日有效","","盘前+盘中+盘后","","","美股","USD","","","","","2","339.02","678.04","2026/01/30 11:50:50 (美东)","美股","USD","","","1.99","0","0.01","","","","","","0.01","","2.01"
"买入","AVGO","博通","300.00","17","5,100.00","全部成交","17@300.00","2026/01/29 11:49:10 (美东)","限价单","撤单前有效","","盘中","","","美股","USD","","","","","17","300.00","5,100.00","2026/02/04 12:27:00 (美东)","美股","USD","","","1.99","0","0.05","","","","","","","","2.04"
"卖出","META","Meta Platforms","750.00","30","22,500.00","已撤单","0@0.00","2026/01/29 04:11:04 (美东)","限价单","撤单前有效","","盘中","","","美股","USD","","","","","","","","","","","","","","","","","","","","","","",""
"买入","MSFT","微软","455.60","10","4,556.00","全部成交","10@455.60","2026/01/29 04:09:02 (美东)","限价单","当日有效","","盘前+盘中+盘后","","","美股","USD","","","","","1","455.60","455.60","2026/01/29 04:09:40 (美东)","美股","USD","","","1.99","0","0.03","","","","","","","","2.02"
"","","","","","","","","","","","","","","","","","","","","","3","455.60","1,366.80","2026/01/29 04:09:07 (美东)","美股","USD","","","","","","","","","","","","",""
"","","","","","","","","","","","","","","","","","","","","","6","455.60","2,733.60","2026/01/29 04:09:07 (美东)","美股","USD","","","","","","","","","","","","",""
"买入","SOFI","SoFi Technologies","22.00","250","5,500.00","已撤单","0@0.00","2026/01/28 08:26:13 (美东)","限价单","撤单前有效","","盘前+盘中+盘后","","","美股","USD","","","","","","","","","","","","","","","","","","","","","","",""
"买入","AVGO","博通","320.90","10","3,209.00","全部成交","10@320.675","2026/01/23 10:52:13 (美东)","限价单","当日有效","","盘前+盘中+盘后","","","美股","USD","","","","","10","320.675","3,206.75","2026/01/23 10:52:13 (美东)","美股","USD","","","1.99","0","0.03","","","","","","","","2.02"
"买入","META","Meta Platforms","620.00","25","15,500.00","已撤单","0@0.00","2026/01/23 05:22:23 (美东)","限价单","撤单前有效","","盘中","","","美股","USD","","","","","","","","","","","","","","","","","","","","","","",""
"买入","09988","阿里巴巴-W","160.10","200","32,020.00","全部成交","200@160.10","2026/01/22 10:17:06 (香港)","限价单","撤单前有效","不允许","","","","港股","HKD","","","","","200","160.10","32,020.00","2026/02/03 10:23:07 (香港)","港股","HKD","6999","","9.61","30","1.34","33","1.81","0.86","0.05","","","","76.67"
"买入","RKLB","Rocket Lab","88.50","50","4,425.00","全部成交","50@88.50","2026/01/21 11:12:07 (美东)","限价单","当日有效","","盘前+盘中+盘后","","","美股","USD","","","","","50","88.50","4,425.00","2026/01/21 11:12:08 (美东)","美股","USD","","","1.99","0","0.15","","","","","","","","2.14"
"买入","MSFT","微软","426.00","20","8,520.00","全部成交","20@426.00","2026/01/21 05:30:29 (美东)","限价单","撤单前有效","","盘中","","","美股","USD","","","","","20","426.00","8,520.00","2026/01/29 10:01:33 (美东)","美股","USD","","","1.99","0","0.06","","","","","","","","2.05"
"买入","NVDA","英伟达","150.00","200","30,000.00","已撤单","0@0.00","2026/01/21 05:26:25 (美东)","限价单","撤单前有效","","盘前+盘中+盘后","","","美股","USD","","","","","","","","","","","","","","","","","","","","","","",""
"买入","NFLX","奈飞","82.46","50","4,123.00","全部成交","50@82.46","2026/01/21 04:40:32 (美东)","限价单","当日有效","","盘前+盘中+盘后","","","美股","USD","","","","","50","82.46","4,123.00","2026/01/21 04:40:33 (美东)","美股","USD","","","1.99","0","0.15","","","","","","","","2.14"
"买入","NFLX","奈飞","82.38","50","4,119.00","已撤单","0@0.00","2026/01/21 04:40:13 (美东)","限价单","当日有效","","盘中","","","美股","USD","","","","","","","","","","","","","","","","","","","","","","",""
"买入","MSFT","微软","440.00","15","6,600.00","已撤单","0@0.00","2026/01/20 12:39:56 (美东)","限价单","撤单前有效","","盘中","","","美股","USD","","","","","","","","","","","","","","","","","","","","","","",""
"买入","TSLA","特斯拉","350.00","70","24,500.00","已撤单","0@0.00","2026/01/20 11:26:57 (美东)","限价单","撤单前有效","","盘中","","","美股","USD","","","","","","","","","","","","","","","","","","","","","","",""
"买入","TSLA","特斯拉","400.00","25","10,000.00","全部成交","25@400.00","2026/01/20 11:26:36 (美东)","限价单","撤单前有效","","盘中","","","美股","USD","","","","","25","400.00","10,000.00","2026/02/04 12:50:04 (美东)","美股","USD","","","1.99","0","0.08","","","","","","","","2.07"
"买入","MSFT","微软","454.97","10","4,549.70","全部成交","10@454.97","2026/01/20 11:23:09 (美东)","限价单","当日有效","","盘前+盘中+盘后","","","美股","USD","","","","","10","454.97","4,549.70","2026/01/20 11:23:12 (美东)","美股","USD","","","1.99","0","0.03","","","","","","","","2.02"
"买入","AVGO","博通","341.58","3","1,024.74","全部成交","3@341.58","2026/01/20 03:51:33 (美东)","限价单","当日有效","","全时段","","","美股","USD","","","","","1","341.58","341.58","2026/01/20 03:55:14 (美东)","美股","USD","","","1.99","0","0.01","","","","","","","","2"
"","","","","","","","","","","","","","","","","","","","","","2","341.58","683.16","2026/01/20 03:55:02 (美东)","美股","USD","","","","","","","","","","","","",""
"卖出","00175","吉利汽车","16.85","5,000","84,250.00","全部成交","5,000@16.85","2026/01/20 11:41:48 (香港)","限价单","当日有效","不允许","","","","港股","HKD","","","","","5,000","16.85","84,250.00","2026/01/20 11:41:49 (香港)","港股","HKD","4449","","25.28","15","3.54","85","4.76","2.27","0.13","","","","135.98"
"买入","09988","阿里巴巴-W","158.00","200","31,600.00","已撤单","0@0.00","2026/01/20 10:45:52 (香港)","限价单","当日有效","不允许","","","","港股","HKD","","","","","","","","","","","","","","","","","","","","","","",""
"买入","00700","腾讯控股","603.00","100","60,300.00","全部成交","100@603.00","2026/01/20 09:50:18 (香港)","限价单","当日有效","不允许","","","","港股","HKD","","","","","100","603.00","60,300.00","2026/01/20 10:04:42 (香港)","港股","HKD","9056","","18.09","30","2.53","61","3.41","1.63","0.09","","","","116.75"
"买入","00700","腾讯控股","605.00","100","60,500.00","全部成交","100@605.00","2026/01/20 09:48:13 (香港)","限价单","当日有效","不允许","","","","港股","HKD","","","","","100","605.00","60,500.00","2026/01/20 09:48:13 (香港)","港股","HKD","9126","","18.15","30","2.54","61","3.42","1.63","0.09","","","","116.83"
"卖出","01810","小米集团-W","36.32","1,000","36,320.00","全部成交","1,000@36.32","2026/01/19 09:34:22 (香港)","限价单","当日有效","不允许","","","","港股","HKD","","","","","1,000","36.32","36,320.00","2026/01/19 09:34:26 (香港)","港股","HKD","2453","","10.9","30","1.53","37","2.05","0.98","0.05","","","","82.51"
"买入","00285","比亚迪电子","34.94","1,000","34,940.00","全部成交","1,000@34.94","2026/01/19 09:32:47 (香港)","限价单","当日有效","不允许","","","","港股","HKD","","","","","1,000","34.94","34,940.00","2026/01/19 09:32:52 (香港)","港股","HKD","6998","","10.48","30","1.47","35","1.97","0.94","0.05","","","","79.91"
"卖出","01810","小米集团-W","36.34","1,000","36,340.00","全部成交","1,000@36.36","2026/01/19 09:32:31 (香港)","限价单","当日有效","不允许","","","","港股","HKD","","","","","1,000","36.36","36,360.00","2026/01/19 09:32:32 (香港)","港股","HKD","1453","","10.91","30","1.53","37","2.05","0.98","0.05","","","","82.52"
"卖出","AAPL","苹果","255.00","25","6,375.00","全部成交","25@256.2403","2026/01/16 10:42:38 (美东)","限价单","撤单前有效","","盘中","","","美股","USD","","","","","25","256.2403","6,406.01","2026/01/16 10:42:39 (美东)","美股","USD","","","1.99","0","0.08","","","","","","0.01","","2.08"
"卖出","AAPL","苹果","255.00","20","5,100.00","已撤单","0@0.00","2026/01/16 10:18:47 (美东)","止损限价单","撤单前有效","","盘中","255.00","允许","美股","USD","","","","","","","","","","","","","","","","","","","","","","",""
"卖出","RKLB","Rocket Lab","87.90","100","8,790.00","全部成交","100@87.90","2026/01/15 10:37:35 (美东)","止损限价单","撤单前有效","","盘中","88.00","允许","美股","USD","","","","","100","87.90","8,790.00","2026/01/21 09:39:00 (美东)","美股","USD","","","1.99","0","0.3","","","","","","0.02","","2.31"
"买入","META","Meta Platforms","630.00","15","9,450.00","全部成交","15@630.00","2026/01/14 09:55:50 (美东)","限价单","撤单前有效","","盘中","","","美股","USD","","","","","15","630.00","9,450.00","2026/02/17 10:31:34 (美东)","美股","USD","","","1.99","0","0.05","","","","","","","","2.04"
"买入","META","Meta Platforms","622.88","5","3,114.40","全部成交","5@622.605","2026/01/14 09:55:23 (美东)","限价单","当日有效","","盘前+盘中+盘后","","","美股","USD","","","","","5","622.605","3,113.03","2026/01/14 09:55:23 (美东)","美股","USD","","","1.99","0","0.02","","","","","","","","2.01"
"买入","SOFI","SoFi Technologies","26.42","10","264.20","全部成交","10@26.42","2026/01/13 10:36:34 (美东)","限价单","当日有效","","盘前+盘中+盘后","","","美股","USD","","","","","10","26.42","264.20","2026/01/13 10:37:29 (美东)","美股","USD","","","1.99","0","0.03","","","","","","","","2.02"
"买入","SOFI","SoFi Technologies","26.44","80","2,115.20","全部成交","80@26.44","2026/01/13 10:35:39 (美东)","限价单","当日有效","","盘前+盘中+盘后","","","美股","USD","","","","","80","26.44","2,115.20","2026/01/13 10:36:19 (美东)","美股","USD","","","1.99","0","0.24","","","","","","","","2.23"
"买入","SOFI","SoFi Technologies","26.40","10","264.00","全部成交","10@26.40","2026/01/13 10:34:38 (美东)","限价单","当日有效","","盘前+盘中+盘后","","","美股","USD","","","","","10","26.40","264.00","2026/01/13 10:34:39 (美东)","美股","USD","","","1.99","0","0.03","","","","","","","","2.02"
"卖出","AMD","美国超微公司","218.45","10","2,184.50","全部成交","10@218.45","2026/01/13 10:34:08 (美东)","限价单","当日有效","","盘前+盘中+盘后","","","美股","USD","","","","","10","218.45","2,184.50","2026/01/13 10:34:09 (美东)","美股","USD","","","1.99","0","0.03","","","","","","0.01","","2.03"
"买入","META","Meta Platforms","621.00","5","3,105.00","已撤单","0@0.00","2026/01/13 10:15:08 (美东)","限价单","撤单前有效","","盘中","","","美股","USD","","","","","","","","","","","","","","","","","","","","","","",""
"买入","NVDA","英伟达","184.11","10","1,841.10","全部成交","10@184.11","2026/01/12 10:53:11 (美东)","限价单","当日有效","","盘前+盘中+盘后","","","美股","USD","","","","","10","184.11","1,841.10","2026/01/12 10:53:11 (美东)","美股","USD","","","1.99","0","0.03","","","","","","","","2.02"
"买入","09988","阿里巴巴-W","160.00","300","48,000.00","全部成交","300@160.00","2026/01/08 14:36:26 (香港)","限价单","撤单前有效","不允许","","","","港股","HKD","","","","","100","160.00","16,000.00","2026/01/20 11:07:46 (香港)","港股","HKD","5999","","14.4","15","2.01","48","2.71","1.29","0.07","","","","83.48"
"","","","","","","","","","","","","","","","","","","","","","200","160.00","32,000.00","2026/01/20 11:07:46 (香港)","港股","HKD","5999","","","","","","","","","","","",""
"买入","NFLX","奈飞","82.00","50","4,100.00","已撤单","0@0.00","2026/01/06 10:19:42 (美东)","限价单","撤单前有效","","盘中","","","美股","USD","","","","","","","","","","","","","","","","","","","","","","",""
"买入","SOFI","SoFi Technologies","27.26","50","1,363.00","全部成交","50@27.26","2026/01/06 10:17:32 (美东)","限价单","当日有效","","盘中","","","美股","USD","","","","","50","27.26","1,363.00","2026/01/06 10:18:17 (美东)","美股","USD","","","1.99","0","0.15","","","","","","","","2.14"
"买入","RKLB","Rocket Lab","65.00","100","6,500.00","已撤单","0@0.00","2026/01/05 12:03:40 (美东)","限价单","撤单前有效","","盘中","","","美股","USD","","","","","","","","","","","","","","","","","","","","","","",""
"卖出","00700","腾讯控股","658.00","800","526,400.00","已撤单","0@0.00","2026/01/03 23:39:47 (香港)","限价单","撤单前有效","不允许","","","","港股","HKD","","","","","","","","","","","","","","","","","","","","","","",""
"买入","RKLB","Rocket Lab","55.00","100","5,500.00","已撤单","0@0.00","2026/01/02 10:24:26 (美东)","限价单","撤单前有效","","盘中","","","美股","USD","","","","","","","","","","","","","","","","","","","","","","",""
"买入","AMD","美国超微公司","185.00","40","7,400.00","已撤单","0@0.00","2026/01/02 08:19:00 (美东)","限价单","撤单前有效","","盘中","","","美股","USD","","","","","","","","","","","","","","","","","","","","","","",""
"买入","GOOG","谷歌-C","290.00","20","5,800.00","已撤单","0@0.00","2026/01/02 08:15:59 (美东)","限价单","撤单前有效","","盘中","","","美股","USD","","","","","","","","","","","","","","","","","","","","","","",""
"买入","NVDA","英伟达","140.50","100","14,050.00","已撤单","0@0.00","2026/01/02 08:13:07 (美东)","限价单","撤单前有效","","盘中","","","美股","USD","","","","","","","","","","","","","","","","","","","","","","",""
"卖出","RKLB","Rocket Lab","71.23","100","7,123.00","全部成交","100@71.35","2025/12/29 10:18:11 (美东)","限价单","当日有效","","盘前+盘中+盘后","","","美股","USD","","","","","100","71.35","7,135.00","2025/12/29 10:18:12 (美东)","美股","USD","","","1.99","0","0.3","","","","","","0.02","","2.31"
"买入","00700","腾讯控股","602.00","100","60,200.00","已撤单","0@0.00","2025/12/24 11:55:22 (香港)","限价单","当日有效","不允许","","","","港股","HKD","","","","","","","","","","","","","","","","","","","","","","",""
"买入","00700","腾讯控股","602.50","100","60,250.00","全部成交","100@602.50","2025/12/23 14:17:42 (香港)","限价单","当日有效","不允许","","","","港股","HKD","","","","","100","602.50","60,250.00","2025/12/23 14:18:07 (香港)","港股","HKD","2845","","18.08","15","2.53","61","3.4","1.63","0.09","","","","101.73"
"买入","CRCL","Circle","82.00","40","3,280.00","全部成交","40@82.00","2025/12/22 12:43:24 (美东)","限价单","撤单前有效","","盘中","","","美股","USD","","","","","40","82.00","3,280.00","2025/12/23 10:01:27 (美东)","美股","USD","","","1.99","0","0.12","","","","","","","","2.11"
"卖出","RKLB","Rocket Lab","68.90","100","6,890.00","全部成交","100@69.01","2025/12/22 12:41:59 (美东)","止损限价单","撤单前有效","","盘中","69.00","允许","美股","USD","","","","","100","69.01","6,901.00","2026/01/02 09:33:31 (美东)","美股","USD","","","1.99","0","0.3","","","","","","0.02","","2.31"
"买入","NVDA","英伟达","180.00","30","5,400.00","全部成交","30@180.00","2025/12/18 09:11:45 (美东)","限价单","撤单前有效","","盘中","","","美股","USD","","","","","30","180.00","5,400.00","2026/01/20 09:40:08 (美东)","美股","USD","","","1.99","0","0.09","","","","","","","","2.08"
"卖出","01276","恒瑞医药","66.80","1,600","106,880.00","全部成交","1,600@66.80","2025/12/16 10:24:36 (香港)","止损限价单","撤单前有效","","","67.00","允许","港股","HKD","","","","","400","66.80","26,720.00","2026/02/02 09:30:03 (香港)","港股","HKD","6593","","32.06","30","4.48","108","6.04","2.88","0.16","","","","183.62"
"","","","","","","","","","","","","","","","","","","","","","800","66.80","53,440.00","2026/02/02 09:30:03 (香港)","港股","HKD","6389","","","","","","","","","","","",""
"","","","","","","","","","","","","","","","","","","","","","400","66.80","26,720.00","2026/02/02 09:30:03 (香港)","港股","HKD","8577","","","","","","","","","","","",""
"买入","NVDA","英伟达","184.81","10","1,848.10","全部成交","10@184.7997","2025/12/09 12:20:04 (美东)","限价单","当日有效","","盘前+盘中+盘后","","","美股","USD","","","","","10","184.7997","1,848.00","2025/12/09 12:20:04 (美东)","美股","USD","","","1.99","0","0.03","","","","","","","0","2.02"
"买入","NFLX","奈飞","85.00","100","8,500.00","已撤单","0@0.00","2025/12/09 11:36:10 (美东)","限价单","撤单前有效","","盘前+盘中+盘后","","","美股","USD","","","","","","","","","","","","","","","","","","","","","","",""
"买入","00700","腾讯控股","605.00","200","121,000.00","全部成交","200@605.00","2025/12/08 12:43:26 (香港)","限价单","当日有效","不允许","","","","港股","HKD","","","","","100","605.00","60,500.00","2025/12/08 13:00:21 (香港)","港股","HKD","8025","","36.3","15","5.08","122","6.84","3.26","0.18","","","","188.66"
"","","","","","","","","","","","","","","","","","","","","","100","605.00","60,500.00","2025/12/08 13:00:21 (香港)","港股","HKD","1836","","","","","","","","","","","",""
"买入","06160","百济神州","183.00","200","36,600.00","全部成交","200@183.00","2025/12/08 10:07:46 (香港)","限价单","撤单前有效","不允许","","","","港股","HKD","","","","","200","183.00","36,600.00","2025/12/15 11:09:03 (香港)","港股","HKD","6997","","10.98","15","1.54","37","2.07","0.99","0.05","","","","67.63"
"买入","NFLX","奈飞","96.00","50","4,800.00","全部成交","50@96.00","2025/12/05 20:25:16 (美东)","限价单","撤单前有效","","盘前+盘中+盘后","","","美股","USD","","","","","50","96.00","4,800.00","2025/12/08 10:20:36 (美东)","美股","USD","","","1.99","0","0.15","","","","","","","0","2.14"
"买入","CRCL","Circle","85.00","20","1,700.00","全部成交","20@85.00","2025/12/05 04:21:37 (美东)","限价单","当日有效","","盘中","","","美股","USD","","","","","20","85.00","1,700.00","2025/12/05 09:31:02 (美东)","美股","USD","","","1.99","0","0.06","","","","","","","0","2.05"
"买入","CRCL","Circle","87.00","20","1,740.00","已撤单","0@0.00","2025/12/05 04:21:20 (美东)","限价单","当日有效","","盘中","","","美股","USD","","","","","","","","","","","","","","","","","","","","","","",""
"买入","01276","恒瑞医药","73.40","400","29,360.00","全部成交","400@73.40","2025/12/05 14:12:27 (香港)","限价单","当日有效","不允许","","","","港股","HKD","","","","","400","73.40","29,360.00","2025/12/05 14:14:02 (香港)","港股","HKD","8036","","8.81","15","1.23","30","1.66","0.79","0.04","","","","57.53"
"买入","09988","阿里巴巴-W","143.00","500","71,500.00","已撤单","0@0.00","2025/12/05 01:03:11 (香港)","限价单","撤单前有效","不允许","","","","港股","HKD","","","","","","","","","","","","","","","","","","","","","","",""
"买入","CRCL","Circle","86.17","20","1,723.40","全部成交","20@86.17","2025/12/04 11:59:22 (美东)","限价单","当日有效","","盘前+盘中+盘后","","","美股","USD","","","","","20","86.17","1,723.40","2025/12/04 11:59:24 (美东)","美股","USD","","","1.99","0","0.06","","","","","","","0","2.05"
"买入","00700","腾讯控股","608.00","100","60,800.00","全部成交","100@608.00","2025/12/04 09:36:34 (香港)","限价单","当日有效","不允许","","","","港股","HKD","","","","","100","608.00","60,800.00","2025/12/04 09:39:49 (香港)","港股","HKD","6996","","18.24","30","2.55","61","3.44","1.64","0.09","","","","116.96"
"买入","NVDA","英伟达","181.39","20","3,627.80","全部成交","20@181.39","2025/12/03 10:49:08 (美东)","限价单","当日有效","","盘前+盘中+盘后","","","美股","USD","","","","","20","181.39","3,627.80","2025/12/03 10:49:11 (美东)","美股","USD","","","1.99","0","0.06","","","","","","","0","2.05"
"买入","01888","建滔积层板","12.10","5,000","60,500.00","全部成交","5,000@12.10","2025/12/02 09:32:22 (香港)","限价单","当日有效","不允许","","","","港股","HKD","","","","","5,000","12.10","60,500.00","2025/12/02 09:39:29 (香港)","港股","HKD","8088","","18.15","30","2.54","61","3.42","1.63","0.09","","","","116.83"
"买入","01888","建滔积层板","12.00","5,000","60,000.00","已撤单","0@0.00","2025/12/02 09:30:42 (香港)","限价单","当日有效","不允许","","","","港股","HKD","","","","","","","","","","","","","","","","","","","","","","",""
"买入","09988","阿里巴巴-W","155.00","500","77,500.00","全部成交","500@155.00","2025/12/02 01:22:07 (香港)","限价单","撤单前有效","不允许","","","","港股","HKD","","","","","500","155.00","77,500.00","2025/12/03 09:31:19 (香港)","港股","HKD","6968","","23.25","30","3.26","78","4.38","2.09","0.12","","","","141.1"
"卖出","03690","美团-W","99.60","1,000","99,600.00","全部成交","1,000@99.60","2025/12/01 15:01:45 (香港)","限价单","当日有效","不允许","","","","港股","HKD","","","","","1,000","99.60","99,600.00","2025/12/01 15:02:15 (香港)","港股","HKD","8392","","29.88","30","4.18","100","5.63","2.69","0.15","","","","172.53"
"买入","01276","恒瑞医药","72.50","600","43,500.00","全部成交","600@72.50","2025/12/01 09:44:45 (香港)","限价单","当日有效","不允许","","","","港股","HKD","","","","","600","72.50","43,500.00","2025/12/01 10:07:59 (香港)","港股","HKD","6999","","13.05","30","1.83","44","2.46","1.17","0.07","","","","92.58"
"买入","00700","腾讯控股","606.00","400","242,400.00","全部成交","400@606.00","2025/11/28 11:21:24 (香港)","限价单","撤单前有效","不允许","","","","港股","HKD","","","","","400","606.00","242,400.00","2025/12/04 10:00:33 (香港)","港股","HKD","6998","","72.72","15","10.18","243","13.7","6.54","0.36","","","","361.5"
"买入","01810","小米集团-W","38.50","1,400","53,900.00","全部成交","1,400@38.46","2025/11/28 08:16:32 (香港)","限价单","撤单前有效","不允许","","","","港股","HKD","","","","","1,400","38.46","53,844.00","2025/12/29 09:30:22 (香港)","港股","HKD","3275","","16.15","15","2.26","54","3.04","1.45","0.08","","","","91.98"
"买入","01888","建滔积层板","11.60","5,000","58,000.00","全部成交","5,000@11.60","2025/11/27 09:51:54 (香港)","限价单","撤单前有效","不允许","","","","港股","HKD","","","","","2,500","11.60","29,000.00","2025/11/27 11:11:23 (香港)","港股","HKD","1577","","17.4","10","2.44","58","3.28","1.56","0.08","","","","92.76"
"","","","","","","","","","","","","","","","","","","","","","2,500","11.60","29,000.00","2025/11/27 11:10:59 (香港)","港股","HKD","6698","","","","","","","","","","","",""
"买入","06160","百济神州","195.00","500","97,500.00","全部成交","500@195.00","2025/11/27 09:28:21 (香港)","限价单","撤单前有效","不允许","","","","港股","HKD","","","","","500","195.00","97,500.00","2025/12/08 09:31:12 (香港)","港股","HKD","4488","","29.25","15","4.1","98","5.51","2.63","0.15","","","","154.64"
"买入","01276","恒瑞医药","72.00","1,600","115,200.00","已撤单","0@0.00","2025/11/26 09:40:15 (香港)","限价单","撤单前有效","不允许","","","","港股","HKD","","","","","","","","","","","","","","","","","","","","","","",""
"买入","RKLB","Rocket Lab","42.14","100","4,214.00","全部成交","100@42.14","2025/11/25 12:37:21 (美东)","限价单","当日有效","","盘前+盘中+盘后","","","美股","USD","","","","","100","42.14","4,214.00","2025/11/25 12:37:22 (美东)","美股","USD","","","1.99","0","0.3","","","","","","","0","2.29"
"买入","NVDA","英伟达","165.00","30","4,950.00","已撤单","0@0.00","2025/11/25 12:12:12 (美东)","限价单","撤单前有效","","盘中","","","美股","USD","","","","","","","","","","","","","","","","","","","","","","",""
"买入","NVDA","英伟达","175.00","20","3,500.00","全部成交","20@174.95","2025/11/25 12:11:11 (美东)","限价单","当日有效","","盘前+盘中+盘后","","","美股","USD","","","","","20","174.95","3,499.00","2025/11/25 12:11:41 (美东)","美股","USD","","","1.99","0","0.06","","","","","","","0","2.05"
"买入","AMD","美国超微公司","199.33","5","996.65","全部成交","5@199.2991","2025/11/25 12:08:33 (美东)","限价单","当日有效","","盘前+盘中+盘后","","","美股","USD","","","","","5","199.2991","996.50","2025/11/25 12:08:33 (美东)","美股","USD","","","1.99","0","0.02","","","","","","","0","2.01"
"买入","NVDA","英伟达","172.00","10","1,720.00","已撤单","0@0.00","2025/11/25 12:00:26 (美东)","限价单","当日有效","","盘前+盘中+盘后","","","美股","USD","","","","","","","","","","","","","","","","","","","","","","",""
"卖出","UNH","联合健康","325.93","5","1,629.65","全部成交","5@325.93","2025/11/25 11:59:06 (美东)","限价单","当日有效","","盘前+盘中+盘后","","","美股","USD","","","","","5","325.93","1,629.65","2025/11/25 11:59:07 (美东)","美股","USD","","","1.99","0","0.02","","","","","","0.01","0","2.02"
"买入","AMD","美国超微公司","198.75","5","993.75","全部成交","5@198.75","2025/11/25 11:57:48 (美东)","限价单","当日有效","","盘前+盘中+盘后","","","美股","USD","","","","","1","198.75","198.75","2025/11/25 11:58:14 (美东)","美股","USD","","","1.99","0","0.01","","","","","","","0","2"
"","","","","","","","","","","","","","","","","","","","","","4","198.75","795.00","2025/11/25 11:58:14 (美东)","美股","USD","","","","","","","","","","","","",""
"买入","NVDA","英伟达","175.03","10","1,750.30","全部成交","10@175.03","2025/11/25 11:57:26 (美东)","限价单","当日有效","","盘前+盘中+盘后","","","美股","USD","","","","","10","175.03","1,750.30","2025/11/25 11:57:28 (美东)","美股","USD","","","1.99","0","0.03","","","","","","","0","2.02"
"买入","01276","恒瑞医药","71.00","600","42,600.00","全部成交","600@71.00","2025/11/25 10:47:55 (香港)","限价单","当日有效","不允许","","","","港股","HKD","","","","","600","71.00","42,600.00","2025/11/25 10:48:08 (香港)","港股","HKD","4487","","12.78","15","1.79","43","2.41","1.15","0.06","","","","76.19"
"买入","META","Meta Platforms","600.00","10","6,000.00","已撤单","0@0.00","2025/11/24 12:23:30 (美东)","限价单","撤单前有效","","盘中","","","美股","USD","","","","","","","","","","","","","","","","","","","","","","",""
"买入","TSLA","特斯拉","425.00","25","10,625.00","全部成交","25@425.00","2025/11/24 10:34:59 (美东)","限价单","撤单前有效","","盘中","","","美股","USD","","","","","25","425.00","10,625.00","2026/01/20 09:31:07 (美东)","美股","USD","","","1.99","0","0.08","","","","","","","","2.07"
"买入","META","Meta Platforms","625.00","5","3,125.00","全部成交","5@625.00","2025/11/24 10:33:33 (美东)","限价单","撤单前有效","","盘中","","","美股","USD","","","","","5","625.00","3,125.00","2026/01/13 11:09:35 (美东)","美股","USD","","","1.99","0","0.02","","","","","","","","2.01"
"买入","09988","阿里巴巴-W","138.00","2,000","276,000.00","已撤单","0@0.00","2025/11/24 15:06:55 (香港)","限价单","撤单前有效","不允许","","","","港股","HKD","","","","","","","","","","","","","","","","","","","","","","",""
"买入","00270","粤海投资","7.20","14,000","100,800.00","全部成交","14,000@7.20","2025/11/24 15:02:25 (香港)","限价单","撤单前有效","不允许","","","","港股","HKD","","","","","14,000","7.20","100,800.00","2025/12/09 09:57:48 (香港)","港股","HKD","6998","","30.24","15","4.23","101","5.7","2.72","0.15","","","","159.04"
"买入","01810","小米集团-W","38.64","200","7,728.00","全部成交","200@38.64","2025/11/24 09:48:21 (香港)","限价单","当日有效","不允许","","","","港股","HKD","","","","","200","38.64","7,728.00","2025/11/24 09:48:30 (香港)","港股","HKD","3534","","3","15","0.32","8","0.44","0.21","0.01","","","","26.98"
"买入","META","Meta Platforms","591.91","5","2,959.55","全部成交","5@591.91","2025/11/21 12:13:15 (美东)","限价单","当日有效","","盘前+盘中+盘后","","","美股","USD","","","","","5","591.91","2,959.55","2025/11/21 12:13:17 (美东)","美股","USD","","","1.99","0","0.02","","","","","","","0","2.01"
"买入","META","Meta Platforms","592.34","5","2,961.70","全部成交","5@592.30","2025/11/21 12:11:25 (美东)","限价单","当日有效","","盘中","","","美股","USD","","","","","5","592.30","2,961.50","2025/11/21 12:11:25 (美东)","美股","USD","","","1.99","0","0.02","","","","","","","0","2.01"
"买入","RKLB","Rocket Lab","48.00","100","4,800.00","已撤单","0@0.00","2025/11/21 12:05:13 (美东)","限价单","撤单前有效","","盘中","","","美股","USD","","","","","","","","","","","","","","","","","","","","","","",""
"买入","RKLB","Rocket Lab","35.00","100","3,500.00","已撤单","0@0.00","2025/11/21 12:04:26 (美东)","限价单","撤单前有效","","盘中","","","美股","USD","","","","","","","","","","","","","","","","","","","","","","",""
"买入","RKLB","Rocket Lab","39.61","100","3,961.00","全部成交","100@39.61","2025/11/21 12:03:25 (美东)","限价单","当日有效","","盘中","","","美股","USD","","","","","100","39.61","3,961.00","2025/11/21 12:03:25 (美东)","美股","USD","","","1.99","0","0.3","","","","","","","0","2.29"
"买入","TSLA","特斯拉","385.00","25","9,625.00","已撤单","0@0.00","2025/11/21 12:01:40 (美东)","限价单","撤单前有效","","盘中","","","美股","USD","","","","","","","","","","","","","","","","","","","","","","",""
"买入","NVDA","英伟达","170.00","50","8,500.00","已撤单","0@0.00","2025/11/21 07:08:20 (美东)","限价单","当日有效","","盘中","","","美股","USD","","","","","","","","","","","","","","","","","","","","","","",""
"买入","00270","粤海投资","7.20","14,000","100,800.00","已撤单","0@0.00","2025/11/21 15:00:48 (香港)","限价单","撤单前有效","不允许","","","","港股","HKD","","","","","","","","","","","","","","","","","","","","","","",""
"买入","01810","小米集团-W","38.08","200","7,616.00","全部成交","200@38.08","2025/11/21 14:58:23 (香港)","限价单","当日有效","不允许","","","","港股","HKD","","","","","200","38.08","7,616.00","2025/11/21 14:58:24 (香港)","港股","HKD","4056","","3","15","0.32","8","0.43","0.21","0.01","","","","26.97"
"卖出","01888","建滔积层板","10.66","10,000","106,600.00","全部成交","10,000@10.66","2025/11/21 11:13:22 (香港)","限价单","当日有效","不允许","","","","港股","HKD","","","","","3,500","10.66","37,310.00","2025/11/21 11:14:28 (香港)","港股","HKD","6997","","31.98","15","4.46","111","6.01","2.86","0.17","","","","171.48"
"","","","","","","","","","","","","","","","","","","","","","500","10.66","5,330.00","2025/11/21 11:14:26 (香港)","港股","HKD","6996","","","","","","","","","","","",""
"","","","","","","","","","","","","","","","","","","","","","500","10.66","5,330.00","2025/11/21 11:14:22 (香港)","港股","HKD","3187","","","","","","","","","","","",""
"","","","","","","","","","","","","","","","","","","","","","1,500","10.66","15,990.00","2025/11/21 11:14:22 (香港)","港股","HKD","8130","","","","","","","","","","","",""
"","","","","","","","","","","","","","","","","","","","","","1,500","10.66","15,990.00","2025/11/21 11:14:22 (香港)","港股","HKD","3436","","","","","","","","","","","",""
"","","","","","","","","","","","","","","","","","","","","","500","10.66","5,330.00","2025/11/21 11:14:22 (香港)","港股","HKD","4499","","","","","","","","","","","",""
"","","","","","","","","","","","","","","","","","","","","","500","10.66","5,330.00","2025/11/21 11:14:22 (香港)","港股","HKD","5999","","","","","","","","","","","",""
"","","","","","","","","","","","","","","","","","","","","","500","10.66","5,330.00","2025/11/21 11:14:22 (香港)","港股","HKD","4499","","","","","","","","","","","",""
"","","","","","","","","","","","","","","","","","","","","","1,000","10.66","10,660.00","2025/11/21 11:14:22 (香港)","港股","HKD","8577","","","","","","","","","","","",""
"买入","00700","腾讯控股","605.00","300","181,500.00","已撤单","0@0.00","2025/11/21 09:39:17 (香港)","限价单","当日有效","不允许","","","","港股","HKD","","","","","","","","","","","","","","","","","","","","","","",""
"买入","TSLA","特斯拉","390.00","50","19,500.00","全部成交","50@390.00","2025/11/20 11:59:10 (美东)","限价单","撤单前有效","","盘中","","","美股","USD","","","","","50","390.00","19,500.00","2025/11/21 10:21:29 (美东)","美股","USD","","","1.99","0","0.15","","","","","","","0","2.14"
"卖出","CRCL","Circle","67.44","130","8,767.20","全部成交","130@67.4588","2025/11/20 11:47:51 (美东)","限价单","当日有效","","盘中","","","美股","USD","","","","","130","67.4588","8,769.64","2025/11/20 11:47:51 (美东)","美股","USD","","","1.99","0","0.39","","","","","","0.02","0","2.4"
"卖出","TSLA","特斯拉","408.00","50","20,400.00","全部成交","50@408.0138","2025/11/20 11:46:20 (美东)","止损限价单","2025/12/10 (美东) 收盘前有效","","盘中","408.00","允许","美股","USD","","","","","50","408.0138","20,400.69","2025/11/20 11:58:16 (美东)","美股","USD","","","1.99","0","0.15","","","","","","0.01","0","2.15"
"买入","01810","小米集团-W","40.92","200","8,184.00","全部成交","200@40.86","2025/11/19 09:32:44 (香港)","限价单","当日有效","不允许","","","","港股","HKD","","","","","200","40.86","8,172.00","2025/11/19 09:32:44 (香港)","港股","HKD","8474","","3","15","0.34","9","0.46","0.22","0.01","","","","28.03"
"卖出","TSLA","特斯拉","379.50","100","37,950.00","已撤单","0@0.00","2025/11/18 08:00:53 (美东)","止损限价单","撤单前有效","","盘中","380.00","允许","美股","USD","","","","","","","","","","","","","","","","","","","","","","",""
"卖出","CRCL","Circle","77.80","150","11,670.00","全部成交","150@77.85","2025/11/17 10:52:26 (美东)","限价单","当日有效","","盘中","","","美股","USD","","","","","150","77.85","11,677.50","2025/11/17 10:52:27 (美东)","美股","USD","","","1.99","0","0.45","","","","","","0.02","0","2.46"
"卖出","AAPL","苹果","264.80","50","13,240.00","全部成交","50@264.80","2025/11/17 10:49:59 (美东)","止损限价单","撤单前有效","","盘中","265.00","允许","美股","USD","","","","","50","264.80","13,240.00","2026/01/06 09:33:48 (美东)","美股","USD","","","1.99","0","0.15","","","","","","0.01","","2.15"
"买入","NVDA","英伟达","170.00","50","8,500.00","全部成交","50@170.00","2025/11/17 10:29:00 (美东)","限价单","撤单前有效","","盘前+盘中+盘后","","","美股","USD","","","","","6","170.00","1,020.00","2026/02/05 19:09:38 (美东)","美股","USD","","","1.99","0","0.15","","","","","","","","2.14"
"","","","","","","","","","","","","","","","","","","","","","44","170.00","7,480.00","2026/02/05 19:09:33 (美东)","美股","USD","","","","","","","","","","","","",""
"卖出","RKLB","Rocket Lab","39.80","200","7,960.00","全部成交","200@39.961","2025/11/17 10:23:48 (美东)","止损限价单","撤单前有效","","盘中","40.00","允许","美股","USD","","","","","80","39.96","3,196.80","2025/11/20 15:35:37 (美东)","美股","USD","","","2","0","0.6","","","","","","0.04","0","2.64"
"","","","","","","","","","","","","","","","","","","","","","100","39.96","3,996.00","2025/11/20 15:35:37 (美东)","美股","USD","","","","","","","","","","","","",""
"","","","","","","","","","","","","","","","","","","","","","20","39.97","799.40","2025/11/20 15:35:37 (美东)","美股","USD","","","","","","","","","","","","",""
"买入","RKLB","Rocket Lab","41.00","100","4,100.00","已撤单","0@0.00","2025/11/17 10:23:08 (美东)","限价单","撤单前有效","","盘中","","","美股","USD","","","","","","","","","","","","","","","","","","","","","","",""
"买入","RKLB","Rocket Lab","43.00","100","4,300.00","全部成交","100@43.00","2025/11/17 10:22:58 (美东)","限价单","撤单前有效","","盘中","","","美股","USD","","","","","100","43.00","4,300.00","2025/11/17 11:15:00 (美东)","美股","USD","","","1.99","0","0.3","","","","","","","0","2.29"
"卖出","RKLB","Rocket Lab","38.90","300","11,670.00","已撤单","0@0.00","2025/11/17 10:12:27 (美东)","止损限价单","撤单前有效","","盘中","39.00","允许","美股","USD","","","","","","","","","","","","","","","","","","","","","","",""
"买入","AAPL","苹果","270.00","25","6,750.00","全部成交","25@270.00","2025/11/17 09:56:27 (美东)","限价单","当日有效","","盘中","","","美股","USD","","","","","25","270.00","6,750.00","2025/11/17 09:56:53 (美东)","美股","USD","","","1.99","0","0.08","","","","","","","0","2.07"
"买入","GOOG","谷歌-C","250.00","50","12,500.00","已撤单","0@0.00","2025/11/17 04:26:05 (美东)","限价单","当日有效","","盘前+盘中+盘后","","","美股","USD","","","","","","","","","","","","","","","","","","","","","","",""
"买入","GOOG","谷歌-C","278.00","50","13,900.00","已撤单","0@0.00","2025/11/17 04:26:00 (美东)","限价单","当日有效","","盘前+盘中+盘后","","","美股","USD","","","","","","","","","","","","","","","","","","","","","","",""
"买入","09988","阿里巴巴-W","154.90","500","77,450.00","全部成交","500@154.90","2025/11/17 15:43:00 (香港)","限价单","当日有效","不允许","","","","港股","HKD","","","","","500","154.90","77,450.00","2025/11/17 15:43:00 (香港)","港股","HKD","7359","","23.24","15","3.25","78","4.38","2.09","0.12","","","","126.08"
"卖出","02382","舜宇光学科技","67.25","1,000","67,250.00","全部成交","1,000@67.25","2025/11/17 15:41:58 (香港)","限价单","当日有效","不允许","","","","港股","HKD","","","","","1,000","67.25","67,250.00","2025/11/17 15:42:43 (香港)","港股","HKD","8469","","20.18","15","2.82","68","3.8","1.82","0.1","","","","111.72"
"卖出","02382","舜宇光学科技","67.30","1,000","67,300.00","已撤单","0@0.00","2025/11/17 15:41:30 (香港)","限价单","当日有效","不允许","","","","港股","HKD","","","","","","","","","","","","","","","","","","","","","","",""
"卖出","TSLA","特斯拉","379.80","150","56,970.00","已撤单","0@0.00","2025/11/16 04:54:32 (美东)","止损限价单","撤单前有效","","盘中","380.00","允许","美股","USD","","","","","","","","","","","","","","","","","","","","","","",""
"买入","TSLA","特斯拉","388.00","25","9,700.00","已撤单","0@0.00","2025/11/14 12:23:44 (美东)","限价单","撤单前有效","","盘中","","","美股","USD","","","","","","","","","","","","","","","","","","","","","","",""
"买入","RKLB","Rocket Lab","43.00","100","4,300.00","已撤单","0@0.00","2025/11/14 12:04:55 (美东)","限价单","撤单前有效","","盘前+盘中+盘后","","","美股","USD","","","","","","","","","","","","","","","","","","","","","","",""
"买入","CRCL","Circle","75.00","50","3,750.00","已撤单","0@0.00","2025/11/14 08:37:05 (美东)","限价单","当日有效","","盘中","","","美股","USD","","","","","","","","","","","","","","","","","","","","","","",""
"买入","CRCL","Circle","72.00","50","3,600.00","已撤单","0@0.00","2025/11/14 08:36:54 (美东)","限价单","当日有效","","盘中","","","美股","USD","","","","","","","","","","","","","","","","","","","","","","",""
"买入","RKLB","Rocket Lab","46.00","100","4,600.00","全部成交","100@46.00","2025/11/14 08:14:43 (美东)","限价单","当日有效","","盘前+盘中+盘后","","","美股","USD","","","","","100","46.00","4,600.00","2025/11/14 11:05:32 (美东)","美股","USD","","","1.99","0","0.3","","","","","","","0","2.29"
"买入","RKLB","Rocket Lab","40.00","100","4,000.00","已撤单","0@0.00","2025/11/14 07:57:11 (美东)","限价单","当日有效","","盘前+盘中+盘后","","","美股","USD","","","","","","","","","","","","","","","","","","","","","","",""
"买入","RKLB","Rocket Lab","40.00","100","4,000.00","已撤单","0@0.00","2025/11/14 07:43:18 (美东)","限价单","当日有效","","盘中","","","美股","USD","","","","","","","","","","","","","","","","","","","","","","",""
"买入","01276","恒瑞医药","73.10","1,000","73,100.00","全部成交","1,000@73.10","2025/11/14 10:21:29 (香港)","限价单","当日有效","不允许","","","","港股","HKD","","","","","200","73.10","14,620.00","2025/11/14 10:21:30 (香港)","港股","HKD","6999","","21.93","15","3.06","75","4.14","1.96","0.1","","","","121.19"
"","","","","","","","","","","","","","","","","","","","","","200","73.10","14,620.00","2025/11/14 10:21:30 (香港)","港股","HKD","6389","","","","","","","","","","","",""
"","","","","","","","","","","","","","","","","","","","","","400","73.10","29,240.00","2025/11/14 10:21:30 (香港)","港股","HKD","6389","","","","","","","","","","","",""
"","","","","","","","","","","","","","","","","","","","","","200","73.10","14,620.00","2025/11/14 10:21:30 (香港)","港股","HKD","3428","","","","","","","","","","","",""
"买入","01276","恒瑞医药","71.00","1,000","71,000.00","已撤单","0@0.00","2025/11/14 09:41:04 (香港)","限价单","当日有效","不允许","","","","港股","HKD","","","","","","","","","","","","","","","","","","","","","","",""
"买入","TSLA","特斯拉","350.00","100","35,000.00","已撤单","0@0.00","2025/11/13 11:50:15 (美东)","限价单","撤单前有效","","盘中","","","美股","USD","","","","","","","","","","","","","","","","","","","","","","",""
"卖出","AAPL","苹果","264.80","50","13,240.00","已撤单","0@0.00","2025/11/13 11:49:03 (美东)","止损限价单","2025/11/20 (美东) 收盘前有效","","盘中","265.00","允许","美股","USD","","","","","","","","","","","","","","","","","","","","","","",""
"买入","RKLB","Rocket Lab","43.00","100","4,300.00","已撤单","0@0.00","2025/11/13 11:46:02 (美东)","限价单","撤单前有效","","盘中","","","美股","USD","","","","","","","","","","","","","","","","","","","","","","",""
"卖出","CRWV","CoreWeave","80.55","100","8,055.00","全部成交","100@80.59","2025/11/13 11:32:51 (美东)","限价单","当日有效","","盘前+盘中+盘后","","","美股","USD","","","","","100","80.59","8,059.00","2025/11/13 11:32:51 (美东)","美股","USD","","","1.99","0","0.3","","","","","","0.02","0","2.31"
"买入","TSLA","特斯拉","407.30","25","10,182.50","全部成交","25@407.30","2025/11/13 11:32:24 (美东)","限价单","当日有效","","盘中","","","美股","USD","","","","","25","407.30","10,182.50","2025/11/13 11:32:28 (美东)","美股","USD","","","1.99","0","0.08","","","","","","","0","2.07"
"卖出","RKLB","Rocket Lab","42.70","200","8,540.00","已撤单","0@0.00","2025/11/13 10:08:57 (美东)","止损限价单","撤单前有效","","盘中","42.80","允许","美股","USD","","","","","","","","","","","","","","","","","","","","","","",""
"买入","TSLA","特斯拉","390.00","25","9,750.00","已撤单","0@0.00","2025/11/13 10:05:53 (美东)","限价单","撤单前有效","","盘中","","","美股","USD","","","","","","","","","","","","","","","","","","","","","","",""
"卖出","CRWV","CoreWeave","79.80","100","7,980.00","全部成交","100@79.865","2025/11/13 10:03:42 (美东)","限价单","当日有效","","盘前+盘中+盘后","","","美股","USD","","","","","100","79.865","7,986.50","2025/11/13 10:05:07 (美东)","美股","USD","","","1.99","0","0.3","","","","","","0.02","0","2.31"
"卖出","CRWV","CoreWeave","80.22","100","8,022.00","下单失败","0@0.00","2025/11/13 10:03:18 (美东)","限价单","当日有效","","盘前+盘中+盘后","","","美股","USD","","","","","","","","","","","","","","","","","","","","","","",""
"买入","NVDA","英伟达","170.00","40","6,800.00","已撤单","0@0.00","2025/11/13 10:00:02 (美东)","限价单","撤单前有效","","盘中","","","美股","USD","","","","","","","","","","","","","","","","","","","","","","",""
"卖出","NIO","蔚来","6.40","500","3,200.00","全部成交","500@6.4001","2025/11/13 09:43:12 (美东)","限价单","当日有效","","盘前+盘中+盘后","","","美股","USD","","","","","500","6.4001","3,200.05","2025/11/13 09:43:12 (美东)","美股","USD","","","5","0","1.5","","","","","","0.08","0.01","6.59"
"卖出","RKLB","Rocket Lab","42.00","200","8,400.00","已撤单","0@0.00","2025/11/13 09:42:26 (美东)","止损限价单","撤单前有效","","盘中","42.00","允许","美股","USD","","","","","","","","","","","","","","","","","","","","","","",""
"卖出","CRWV","CoreWeave","100.00","200","20,000.00","已撤单","0@0.00","2025/11/13 06:17:35 (美东)","限价单","当日有效","","盘前+盘中+盘后","","","美股","USD","","","","","","","","","","","","","","","","","","","","","","",""
"卖出","CRWV","CoreWeave","81.00","100","8,100.00","全部成交","100@81.00","2025/11/13 06:17:07 (美东)","限价单","当日有效","","盘前+盘中+盘后","","","美股","USD","","","","","100","81.00","8,100.00","2025/11/13 09:38:53 (美东)","美股","USD","","","1.99","0","0.3","","","","","","0.02","0","2.31"
"买入","CRCL","Circle","82.00","50","4,100.00","全部成交","50@82.00","2025/11/13 06:03:31 (美东)","限价单","撤单前有效","","盘中","","","美股","USD","","","","","50","82.00","4,100.00","2025/11/13 15:53:31 (美东)","美股","USD","","","1.99","0","0.15","","","","","","","0","2.14"
"买入","CRCL","Circle","86.00","50","4,300.00","全部成交","50@85.41","2025/11/13 05:03:27 (美东)","限价单","当日有效","","盘中","","","美股","USD","","","","","50","85.41","4,270.50","2025/11/13 09:30:17 (美东)","美股","USD","","","1.99","0","0.15","","","","","","","0","2.14"
"买入","09988","阿里巴巴-W","137.00","1,500","205,500.00","已撤单","0@0.00","2025/11/12 23:47:42 (香港)","限价单","撤单前有效","不允许","","","","港股","HKD","","","","","","","","","","","","","","","","","","","","","","",""
"买入","META","Meta Platforms","550.00","10","5,500.00","已撤单","0@0.00","2025/11/12 10:39:55 (美东)","限价单","撤单前有效","","盘中","","","美股","USD","","","","","","","","","","","","","","","","","","","","","","",""
"买入","CRCL","Circle","93.90","100","9,390.00","全部成交","100@93.90","2025/11/12 09:06:31 (美东)","限价单","当日有效","","盘前+盘中+盘后","","","美股","USD","","","","","23","93.90","2,159.70","2025/11/12 09:06:33 (美东)","美股","USD","","","1.99","0","0.31","","","","","","","0","2.3"
"","","","","","","","","","","","","","","","","","","","","","62","93.90","5,821.80","2025/11/12 09:06:33 (美东)","美股","USD","","","","","","","","","","","","",""
"","","","","","","","","","","","","","","","","","","","","","15","93.90","1,408.50","2025/11/12 09:06:33 (美东)","美股","USD","","","","","","","","","","","","",""
"买入","01888","建滔积层板","11.98","1,000","11,980.00","全部成交","1,000@11.98","2025/11/12 15:08:38 (香港)","限价单","当日有效","不允许","","","","港股","HKD","","","","","1,000","11.98","11,980.00","2025/11/12 15:08:38 (香港)","港股","HKD","5346","","3.59","15","0.5","12","0.68","0.32","0.02","","","","32.11"
"买入","01888","建滔积层板","11.98","5,000","59,900.00","全部成交","5,000@11.98","2025/11/12 15:08:01 (香港)","限价单","当日有效","不允许","","","","港股","HKD","","","","","5,000","11.98","59,900.00","2025/11/12 15:08:02 (香港)","港股","HKD","2453","","17.97","15","2.52","60","3.38","1.62","0.09","","","","100.58"
"买入","09988","阿里巴巴-W","140.00","1,500","210,000.00","已撤单","0@0.00","2025/11/12 11:13:50 (香港)","限价单","撤单前有效","不允许","","","","港股","HKD","","","","","","","","","","","","","","","","","","","","","","",""
"买入","01276","恒瑞医药","72.70","1,000","72,700.00","全部成交","1,000@72.70","2025/11/12 09:55:42 (香港)","限价单","当日有效","不允许","","","","港股","HKD","","","","","1,000","72.70","72,700.00","2025/11/12 09:57:14 (香港)","港股","HKD","3537","","21.81","15","3.05","73","4.11","1.96","0.11","","","","119.04"
"买入","09988","阿里巴巴-W","156.90","500","78,450.00","全部成交","500@156.90","2025/11/12 09:53:41 (香港)","限价单","当日有效","不允许","","","","港股","HKD","","","","","500","156.90","78,450.00","2025/11/12 09:53:41 (香港)","港股","HKD","6997","","23.54","15","3.29","79","4.43","2.12","0.12","","","","127.5"
"卖出","00700","腾讯控股","655.50","300","196,650.00","全部成交","300@655.50","2025/11/12 09:53:23 (香港)","限价单","当日有效","不允许","","","","港股","HKD","","","","","300","655.50","196,650.00","2025/11/12 10:03:32 (香港)","港股","HKD","2455","","59","15","8.26","197","11.11","5.31","0.29","","","","295.97"
"卖出","HIMS","Hims & Hers Health","36.00","250","9,000.00","全部成交","250@36.00","2025/11/11 10:07:48 (美东)","止损限价单","撤单前有效","","盘中","36.00","允许","美股","USD","","","","","250","36.00","9,000.00","2025/11/13 14:03:45 (美东)","美股","USD","","","2.5","0","0.75","","","","","","0.04","0.01","3.3"
"买入","META","Meta Platforms","620.00","5","3,100.00","已撤单","0@0.00","2025/11/11 07:18:11 (美东)","限价单","撤单前有效","","盘中","","","美股","USD","","","","","","","","","","","","","","","","","","","","","","",""
"买入","HIMS","Hims & Hers Health","41.00","250","10,250.00","全部成交","250@40.53","2025/11/11 07:05:56 (美东)","限价单","当日有效","","盘中","","","美股","USD","","","","","250","40.53","10,132.50","2025/11/11 09:30:19 (美东)","美股","USD","","","2.5","0","0.75","","","","","","","0.01","3.26"
"买入","CRCL","Circle","92.00","100","9,200.00","全部成交","100@92.00","2025/11/11 03:21:39 (美东)","限价单","撤单前有效","","盘中","","","美股","USD","","","","","100","92.00","9,200.00","2025/11/12 09:39:02 (美东)","美股","USD","","","1.99","0","0.3","","","","","","","0","2.29"
"买入","TSLA","特斯拉","412.00","25","10,300.00","全部成交","25@412.00","2025/11/11 03:20:04 (美东)","限价单","撤单前有效","","盘前+盘中+盘后","","","美股","USD","","","","","25","412.00","10,300.00","2025/11/13 10:04:13 (美东)","美股","USD","","","1.99","0","0.08","","","","","","","0","2.07"
"买入","RKLB","Rocket Lab","48.00","100","4,800.00","全部成交","100@48.00","2025/11/11 03:18:14 (美东)","限价单","撤单前有效","","盘中","","","美股","USD","","","","","100","48.00","4,800.00","2025/11/13 09:33:14 (美东)","美股","USD","","","1.99","0","0.3","","","","","","","0","2.29"
"卖出","01276","恒瑞医药","67.90","4,000","271,600.00","全部成交","4,000@68.00","2025/11/11 11:56:24 (香港)","止损限价单","撤单前有效","","","68.00","允许","港股","HKD","","","","","400","68.00","27,200.00","2025/11/20 11:15:03 (香港)","港股","HKD","6729","","81.6","15","11.41","277","15.38","7.35","0.4","","","","408.14"
"","","","","","","","","","","","","","","","","","","","","","200","68.00","13,600.00","2025/11/20 11:15:03 (香港)","港股","HKD","6998","","","","","","","","","","","",""
"","","","","","","","","","","","","","","","","","","","","","200","68.00","13,600.00","2025/11/20 11:15:03 (香港)","港股","HKD","6999","","","","","","","","","","","",""
"","","","","","","","","","","","","","","","","","","","","","1,400","68.00","95,200.00","2025/11/20 11:15:03 (香港)","港股","HKD","5998","","","","","","","","","","","",""
"","","","","","","","","","","","","","","","","","","","","","200","68.00","13,600.00","2025/11/20 11:15:03 (香港)","港股","HKD","5998","","","","","","","","","","","",""
"","","","","","","","","","","","","","","","","","","","","","200","68.00","13,600.00","2025/11/20 11:15:03 (香港)","港股","HKD","8469","","","","","","","","","","","",""
"","","","","","","","","","","","","","","","","","","","","","400","68.00","27,200.00","2025/11/20 11:15:03 (香港)","港股","HKD","6998","","","","","","","","","","","",""
"","","","","","","","","","","","","","","","","","","","","","800","68.00","54,400.00","2025/11/20 11:15:03 (香港)","港股","HKD","6998","","","","","","","","","","","",""
"","","","","","","","","","","","","","","","","","","","","","200","68.00","13,600.00","2025/11/20 11:15:03 (香港)","港股","HKD","6999","","","","","","","","","","","",""
"买入","AAPL","苹果","269.00","50","13,450.00","全部成交","50@269.00","2025/11/10 11:00:51 (美东)","限价单","当日有效","","盘前+盘中+盘后","","","美股","USD","","","","","50","269.00","13,450.00","2025/11/10 11:35:01 (美东)","美股","USD","","","1.99","0","0.15","","","","","","","0","2.14"
"买入","META","Meta Platforms","600.00","5","3,000.00","已撤单","0@0.00","2025/11/10 10:58:52 (美东)","限价单","撤单前有效","","盘中","","","美股","USD","","","","","","","","","","","","","","","","","","","","","","",""
"买入","GOOG","谷歌-C","278.00","50","13,900.00","已撤单","0@0.00","2025/11/10 05:24:54 (美东)","限价单","当日有效","","盘中","","","美股","USD","","","","","","","","","","","","","","","","","","","","","","",""
"买入","AAPL","苹果","268.00","50","13,400.00","已撤单","0@0.00","2025/11/10 04:43:02 (美东)","限价单","当日有效","","盘前+盘中+盘后","","","美股","USD","","","","","","","","","","","","","","","","","","","","","","",""
"买入","META","Meta Platforms","628.50","5","3,142.50","全部成交","5@628.50","2025/11/10 04:22:09 (美东)","限价单","当日有效","","盘中","","","美股","USD","","","","","5","628.50","3,142.50","2025/11/10 10:57:17 (美东)","美股","USD","","","1.99","0","0.02","","","","","","","0","2.01"
"买入","RKLB","Rocket Lab","47.00","100","4,700.00","已撤单","0@0.00","2025/11/10 04:14:43 (美东)","限价单","2025/11/24 (美东) 收盘前有效","","盘中","","","美股","USD","","","","","","","","","","","","","","","","","","","","","","",""
"卖出","00700","腾讯控股","675.00","300","202,500.00","已撤单","0@0.00","2025/11/10 15:54:04 (香港)","限价单","撤单前有效","不允许","","","","港股","HKD","","","","","","","","","","","","","","","","","","","","","","",""
"卖出","00700","腾讯控股","650.00","200","130,000.00","全部成交","200@650.00","2025/11/10 15:49:58 (香港)","限价单","当日有效","允许","","","","港股","HKD","","","","","200","650.00","130,000.00","2025/11/10 15:52:11 (香港)","港股","HKD","6997","","39","15","5.46","130","7.35","3.51","0.2","","","","200.52"
"买入","03690","美团-W","103.10","64","6,598.40","全部成交","64@103.10","2025/11/10 14:52:34 (香港)","碎股单","当日有效","不允许","","","","港股","HKD","","","","","64","103.10","6,598.40","2025/11/10 14:54:34 (香港)","港股","HKD","3011","","3","30","0.28","7","0.37","0.18","0.01","","","","40.84"
"买入","03690","美团-W","101.80","64","6,515.20","已撤单","0@0.00","2025/11/10 09:42:12 (香港)","碎股单","当日有效","不允许","","","","港股","HKD","","","","","","","","","","","","","","","","","","","","","","",""
"买入","TSLA","特斯拉","360.00","100","36,000.00","已撤单","0@0.00","2025/11/07 17:34:02 (美东)","限价单","撤单前有效","","盘中","","","美股","USD","","","","","","","","","","","","","","","","","","","","","","",""
"买入","TSLA","特斯拉","410.00","25","10,250.00","已撤单","0@0.00","2025/11/07 17:33:15 (美东)","限价单","撤单前有效","","盘中","","","美股","USD","","","","","","","","","","","","","","","","","","","","","","",""
"买入","TSLA","特斯拉","410.00","25","10,250.00","已撤单","0@0.00","2025/11/07 11:51:58 (美东)","限价单","当日有效","","盘中","","","美股","USD","","","","","","","","","","","","","","","","","","","","","","",""
"卖出","AAPL","苹果","269.50","8","2,156.00","全部成交","8@269.50","2025/11/07 11:51:16 (美东)","限价单","当日有效","","盘前+盘中+盘后","","","美股","USD","","","","","8","269.50","2,156.00","2025/11/07 11:51:17 (美东)","美股","USD","","","1.99","0","0.02","","","","","","0.01","0","2.02"
"卖出","GOOG","谷歌-C","277.15","48","13,303.20","全部成交","48@277.1792","2025/11/07 11:50:10 (美东)","限价单","当日有效","","盘前+盘中+盘后","","","美股","USD","","","","","48","277.1792","13,304.60","2025/11/07 11:50:11 (美东)","美股","USD","","","1.99","0","0.14","","","","","","0.01","0","2.14"
"卖出","AAPL","苹果","269.38","50","13,469.00","全部成交","50@269.385","2025/11/07 11:49:51 (美东)","限价单","当日有效","","盘前+盘中+盘后","","","美股","USD","","","","","50","269.385","13,469.25","2025/11/07 11:49:52 (美东)","美股","USD","","","1.99","0","0.15","","","","","","0.01","0","2.15"
"买入","RKLB","Rocket Lab","47.08","100","4,708.00","全部成交","100@47.08","2025/11/07 11:00:26 (美东)","限价单","当日有效","","盘前+盘中+盘后","","","美股","USD","","","","","100","47.08","4,708.00","2025/11/07 11:00:33 (美东)","美股","USD","","","1.99","0","0.3","","","","","","","0","2.29"
"买入","09988","阿里巴巴-W","155.00","500","77,500.00","已撤单","0@0.00","2025/11/07 15:36:38 (香港)","限价单","撤单前有效","允许","","","","港股","HKD","","","","","","","","","","","","","","","","","","","","","","",""
"买入","09988","阿里巴巴-W","155.00","500","77,500.00","已撤单","0@0.00","2025/11/07 10:38:19 (香港)","限价单","撤单前有效","允许","","","","港股","HKD","","","","","","","","","","","","","","","","","","","","","","",""
"买入","CRCL","Circle","91.80","100","9,180.00","已撤单","0@0.00","2025/11/06 10:34:04 (美东)","限价单","撤单前有效","","全时段","","","美股","USD","","","","","","","","","","","","","","","","","","","","","","",""
"卖出","CRCL","Circle","99.50","200","19,900.00","全部成交","200@99.50","2025/11/06 10:25:59 (美东)","止损限价单","撤单前有效","","盘中","99.50","允许","美股","USD","","","","","200","99.50","19,900.00","2025/11/07 09:30:14 (美东)","美股","USD","","","2","0","0.6","","","","","","0.03","0.01","2.64"
"卖出","CRCL","Circle","104.00","200","20,800.00","全部成交","200@105.67","2025/11/06 10:22:12 (美东)","限价单","当日有效","","盘中","","","美股","USD","","","","","200","105.67","21,134.00","2025/11/06 10:22:13 (美东)","美股","USD","","","2","0","0.6","","","","","","0.03","0.01","2.64"
"卖出","FTNT","飞塔信息","78.40","70","5,488.00","全部成交","70@78.40","2025/11/06 09:42:17 (美东)","限价单","当日有效","","盘前+盘中+盘后","","","美股","USD","","","","","70","78.40","5,488.00","2025/11/06 09:45:09 (美东)","美股","USD","","","1.99","0","0.21","","","","","","0.01","0","2.21"
"买入","CRCL","Circle","111.00","50","5,550.00","全部成交","50@110.78","2025/11/06 09:39:40 (美东)","限价单","当日有效","","盘前+盘中+盘后","","","美股","USD","","","","","50","110.78","5,539.00","2025/11/06 09:39:40 (美东)","美股","USD","","","1.99","0","0.15","","","","","","","0","2.14"
"卖出","FTNT","飞塔信息","79.00","70","5,530.00","已撤单","0@0.00","2025/11/06 09:38:43 (美东)","限价单","当日有效","","盘中","","","美股","USD","","","","","","","","","","","","","","","","","","","","","","",""
"买入","FTNT","飞塔信息","75.00","30","2,250.00","已撤单","0@0.00","2025/11/06 08:26:44 (美东)","限价单","当日有效","","盘中","","","美股","USD","","","","","","","","","","","","","","","","","","","","","","",""
"买入","03690","美团-W","102.90","74","7,614.60","已撤单","0@0.00","2025/11/06 15:17:23 (香港)","碎股单","当日有效","不允许","","","","港股","HKD","","","","","","","","","","","","","","","","","","","","","","",""
"买入","03690","美团-W","102.70","64","6,572.80","已撤单","0@0.00","2025/11/06 14:19:00 (香港)","碎股单","当日有效","不允许","","","","港股","HKD","","","","","","","","","","","","","","","","","","","","","","",""
"卖出","01888","建滔积层板","触及市价","20,000","0.00","已撤单","0@0.00","2025/11/06 14:18:08 (香港)","止损市价单","撤单前有效","","","11.10","","港股","HKD","","","","","","","","","","","","","","","","","","","","","","",""
"买入","01888","建滔积层板","12.22","4,000","48,880.00","全部成交","4,000@12.22","2025/11/06 10:08:39 (香港)","限价单","当日有效","允许","","","","港股","HKD","","","","","4,000","12.22","48,880.00","2025/11/06 10:08:40 (香港)","港股","HKD","5328","","14.66","30","2.05","49","2.76","1.32","0.07","","","","99.86"
"买入","03690","美团-W","102.00","500","51,000.00","已撤单","0@0.00","2025/11/06 09:55:50 (香港)","限价单","当日有效","允许","","","","港股","HKD","","","","","","","","","","","","","","","","","","","","","","",""
"买入","03690","美团-W","102.60","500","51,300.00","已撤单","0@0.00","2025/11/06 09:55:33 (香港)","限价单","当日有效","允许","","","","港股","HKD","","","","","","","","","","","","","","","","","","","","","","",""
"买入","03690","美团-W","101.90","500","50,950.00","已撤单","0@0.00","2025/11/06 09:50:31 (香港)","限价单","当日有效","允许","","","","港股","HKD","","","","","","","","","","","","","","","","","","","","","","",""
"买入","TSLA","特斯拉","412.00","25","10,300.00","已撤单","0@0.00","2025/11/05 10:18:33 (美东)","限价单","撤单前有效","","盘中","","","美股","USD","","","","","","","","","","","","","","","","","","","","","","",""
"买入","TSLA","特斯拉","425.00","25","10,625.00","全部成交","25@424.90","2025/11/05 10:17:25 (美东)","限价单","撤单前有效","","盘中","","","美股","USD","","","","","25","424.90","10,622.50","2025/11/07 09:36:49 (美东)","美股","USD","","","1.99","0","0.08","","","","","","","0","2.07"
"买入","CRCL","Circle","108.00","50","5,400.00","全部成交","50@108.00","2025/11/05 09:41:24 (美东)","限价单","撤单前有效","","盘中","","","美股","USD","","","","","50","108.00","5,400.00","2025/11/06 09:54:45 (美东)","美股","USD","","","1.99","0","0.15","","","","","","","0","2.14"
"买入","CRCL","Circle","1.08","50","54.00","下单失败","0@0.00","2025/11/05 09:41:16 (美东)","限价单","撤单前有效","","盘中","","","美股","USD","","","","","","","","","","","","","","","","","","","","","","",""
"买入","CRCL","Circle","110.00","50","5,500.00","已撤单","0@0.00","2025/11/05 07:06:44 (美东)","限价单","当日有效","","盘中","","","美股","USD","","","","","","","","","","","","","","","","","","","","","","",""
"卖出","02382","舜宇光学科技","68.00","4,000","272,000.00","全部成交","4,000@68.00","2025/11/05 10:33:57 (香港)","限价单","当日有效","允许","","","","港股","HKD","","","","","4,000","68.00","272,000.00","2025/11/05 10:34:53 (香港)","港股","HKD","6593","","81.6","30","11.42","272","15.37","7.34","0.41","","","","418.14"
"买入","09988","阿里巴巴-W","135.00","2,000","270,000.00","已撤单","0@0.00","2025/11/04 16:10:05 (香港)","限价单","撤单前有效","允许","","","","港股","HKD","","","","","","","","","","","","","","","","","","","","","","",""
"卖出","UNH","联合健康","327.80","120","39,336.00","全部成交","120@327.9658","2025/11/03 09:50:59 (美东)","止损限价单","撤单前有效","","盘中","328.00","不允许","美股","USD","","","","","120","327.9658","39,355.90","2025/11/03 10:27:20 (美东)","美股","USD","","","1.99","0","0.36","","","","","","0.02","0","2.37"
"卖出","02382","舜宇光学科技","触及市价","4,000","0.00","已撤单","0@0.00","2025/11/03 10:43:34 (香港)","止损市价单","撤单前有效","","","69.50","","港股","HKD","","","","","","","","","","","","","","","","","","","","","","",""
"卖出","02382","舜宇光学科技","73.30","4,000","293,200.00","全部成交","4,000@73.30","2025/11/03 10:41:34 (香港)","限价单","当日有效","允许","","","","港股","HKD","","","","","4,000","73.30","293,200.00","2025/11/03 10:42:35 (香港)","港股","HKD","2077","","87.96","30","12.31","294","16.57","7.92","0.44","","","","449.2"
"卖出","02382","舜宇光学科技","触及市价","4,000","0.00","已撤单","0@0.00","2025/11/03 10:37:34 (香港)","止损市价单","撤单前有效","","","72.00","","港股","HKD","","","","","","","","","","","","","","","","","","","","","","",""
"卖出","RKLB","Rocket Lab","57.30","300","17,190.00","全部成交","300@57.43","2025/10/31 12:09:18 (美东)","止损限价单","撤单前有效","","盘中","57.50","允许","美股","USD","","","","","300","57.43","17,229.00","2025/11/04 09:35:54 (美东)","美股","USD","","","3","0","0.9","","","","","","0.05","0.01","3.96"
"买入","META","Meta Platforms","670.00","10","6,700.00","全部成交","10@670.00","2025/10/31 04:06:34 (美东)","限价单","当日有效","","盘前+盘中+盘后","","","美股","USD","","","","","10","670.00","6,700.00","2025/10/31 08:56:18 (美东)","美股","USD","","","1.99","0","0.03","","","","","","","0","2.02"
"买入","02382","舜宇光学科技","75.00","500","37,500.00","已撤单","0@0.00","2025/10/31 15:37:32 (香港)","限价单","当日有效","允许","","","","港股","HKD","","","","","","","","","","","","","","","","","","","","","","",""
"买入","09988","阿里巴巴-W","159.00","500","79,500.00","全部成交","500@159.00","2025/10/31 15:35:16 (香港)","限价单","撤单前有效","允许","","","","港股","HKD","","","","","500","159.00","79,500.00","2025/11/04 16:08:31 (香港)","港股","HKD","517","","23.85","30","3.34","80","4.49","2.15","0.12","","","","143.95"
"买入","03690","美团-W","102.00","1,000","102,000.00","全部成交","1,000@102.00","2025/10/30 10:46:58 (香港)","限价单","当日有效","允许","","","","港股","HKD","","","","","1,000","102.00","102,000.00","2025/10/30 13:13:51 (香港)","港股","HKD","1799","","30.6","10","4.28","102","5.76","2.75","0.15","","","","155.54"
"卖出","01810","小米集团-W","44.18","1,000","44,180.00","全部成交","1,000@44.18","2025/10/30 10:39:04 (香港)","限价单","当日有效","允许","","","","港股","HKD","","","","","1,000","44.18","44,180.00","2025/10/30 10:39:11 (香港)","港股","HKD","5338","","13.25","10","1.86","45","2.5","1.19","0.07","","","","73.87"
"买入","01888","建滔积层板","13.80","3,000","41,400.00","全部成交","3,000@13.80","2025/10/30 10:38:38 (香港)","限价单","当日有效","允许","","","","港股","HKD","","","","","3,000","13.80","41,400.00","2025/10/30 10:45:21 (香港)","港股","HKD","6998","","12.42","10","1.74","42","2.34","1.12","0.06","","","","69.68"
"卖出","01810","小米集团-W","44.50","2,000","89,000.00","全部成交","2,000@44.50","2025/10/30 09:53:42 (香港)","限价单","当日有效","允许","","","","港股","HKD","","","","","2,000","44.50","89,000.00","2025/10/30 10:58:00 (香港)","港股","HKD","3534","","26.7","10","3.74","89","5.03","2.4","0.13","","","","137"
"买入","01888","建滔积层板","13.30","3,000","39,900.00","已撤单","0@0.00","2025/10/30 09:52:59 (香港)","限价单","当日有效","允许","","","","港股","HKD","","","","","","","","","","","","","","","","","","","","","","",""
"买入","01888","建滔积层板","13.80","5,000","69,000.00","全部成交","5,000@13.80","2025/10/30 09:10:57 (香港)","限价单","当日有效","允许","","","","港股","HKD","","","","","5,000","13.80","69,000.00","2025/10/30 09:47:43 (香港)","港股","HKD","6996","","20.7","10","2.9","69","3.9","1.86","0.1","","","","108.46"
"卖出","01810","小米集团-W","45.00","3,000","135,000.00","已撤单","0@0.00","2025/10/30 09:10:19 (香港)","限价单","当日有效","允许","","","","港股","HKD","","","","","","","","","","","","","","","","","","","","","","",""
"买入","CRCL","Circle","125.00","50","6,250.00","已撤单","0@0.00","2025/10/29 13:11:13 (美东)","限价单","撤单前有效","","盘中","","","美股","USD","","","","","","","","","","","","","","","","","","","","","","",""
"买入","RKLB","Rocket Lab","60.00","100","6,000.00","已撤单","0@0.00","2025/10/29 10:27:24 (美东)","限价单","撤单前有效","","盘中","","","美股","USD","","","","","","","","","","","","","","","","","","","","","","",""
"买入","UNH","联合健康","360.00","25","9,000.00","全部成交","25@360.00","2025/10/29 04:57:21 (美东)","限价单","撤单前有效","","盘中","","","美股","USD","","","","","25","360.00","9,000.00","2025/10/29 10:02:56 (美东)","美股","USD","","","1.99","0","0.08","","","","","","","0","2.07"
"买入","CRWV","CoreWeave","120.00","100","12,000.00","全部成交","100@119.1933","2025/10/27 04:26:26 (美东)","限价单","撤单前有效","","盘中","","","美股","USD","","","","","100","119.1933","11,919.33","2025/11/04 09:30:10 (美东)","美股","USD","","","1.99","0","0.3","","","","","","","0","2.29"
"买入","CRCL","Circle","130.20","70","9,114.00","全部成交","70@130.20","2025/10/27 04:26:09 (美东)","限价单","撤单前有效","","盘中","","","美股","USD","","","","","70","130.20","9,114.00","2025/10/29 14:38:15 (美东)","美股","USD","","","1.99","0","0.21","","","","","","","0","2.2"
"买入","TSLA","特斯拉","触及市价","50","0.00","已撤单","0@0.00","2025/10/27 03:41:50 (美东)","跟踪止损市价单","撤单前有效","","盘中","市场涨幅超过 5.00%","允许","美股","USD","","","","","","","","","","","","","","","","","","","","","","",""
"买入","TSLA","特斯拉","410.00","50","20,500.00","已撤单","0@0.00","2025/10/27 03:39:34 (美东)","限价单","撤单前有效","","盘中","","","美股","USD","","","","","","","","","","","","","","","","","","","","","","",""
"买入","TSLA","特斯拉","441.00","20","8,820.00","全部成交","20@441.00","2025/10/27 03:38:56 (美东)","限价单","撤单前有效","","全时段","","","美股","USD","","","","","20","441.00","8,820.00","2025/11/04 19:27:07 (美东)","美股","USD","","","1.99","0","0.06","","","","","","","0","2.05"
"买入","CRCL","Circle","130.00","70","9,100.00","已撤单","0@0.00","2025/10/24 04:26:41 (美东)","限价单","当日有效","","盘前+盘中+盘后","","","美股","USD","","","","","","","","","","","","","","","","","","","","","","",""
"买入","CRWV","CoreWeave","124.00","100","12,400.00","已撤单","0@0.00","2025/10/24 04:23:12 (美东)","限价单","当日有效","","盘前+盘中+盘后","","","美股","USD","","","","","","","","","","","","","","","","","","","","","","",""
"买入","01276","恒瑞医药","76.40","600","45,840.00","全部成交","600@76.40","2025/10/23 14:50:05 (香港)","限价单","当日有效","允许","","","","港股","HKD","","","","","600","76.40","45,840.00","2025/10/23 14:50:05 (香港)","港股","HKD","5998","","13.75","10","1.93","46","2.59","1.24","0.07","","","","75.58"
"买入","09988","阿里巴巴-W","162.00","500","81,000.00","全部成交","500@162.00","2025/10/23 10:47:43 (香港)","限价单","当日有效","允许","","","","港股","HKD","","","","","500","162.00","81,000.00","2025/10/23 11:51:52 (香港)","港股","HKD","6997","","24.3","10","3.4","81","4.58","2.19","0.12","","","","125.59"
"卖出","AAPL","苹果","254.80","50","12,740.00","已撤单","0@0.00","2025/10/22 10:47:03 (美东)","止损限价单","撤单前有效","","盘中","255.00","允许","美股","USD","","","","","","","","","","","","","","","","","","","","","","",""
"卖出","PLTR","Palantir","177.90","10","1,779.00","全部成交","10@177.90","2025/10/22 10:24:46 (美东)","限价单","当日有效","","盘前+盘中+盘后","","","美股","USD","","","","","10","177.90","1,779.00","2025/10/22 10:24:46 (美东)","美股","USD","","","1.99","0","0.03","","","","","","0.01","0","2.03"
"卖出","PDD","拼多多","131.19","1","131.19","全部成交","1@131.22","2025/10/22 10:24:29 (美东)","限价单","当日有效","","盘前+盘中+盘后","","","美股","USD","","","","","1","131.22","131.22","2025/10/22 10:24:30 (美东)","美股","USD","","","1.99","0","0","","","","","","0.01","0","2"
"卖出","META","Meta Platforms","734.18","1","734.18","全部成交","1@734.18","2025/10/22 10:24:22 (美东)","限价单","当日有效","","盘前+盘中+盘后","","","美股","USD","","","","","1","734.18","734.18","2025/10/22 10:24:22 (美东)","美股","USD","","","1.99","0","0","","","","","","0.01","0","2"
"卖出","VSAT","卫讯公司","35.24","10","352.40","全部成交","10@35.24","2025/10/22 09:44:47 (美东)","限价单","当日有效","","盘前+盘中+盘后","","","美股","USD","","","","","10","35.24","352.40","2025/10/22 09:45:18 (美东)","美股","USD","","","1.99","0","0.03","","","","","","0.01","0","2.03"
"卖出","AMD","美国超微公司","231.80","20","4,636.00","全部成交","20@231.819","2025/10/22 05:23:53 (美东)","止损限价单","2025/11/21 (美东) 收盘前有效","","盘中","232.00","允许","美股","USD","","","","","20","231.819","4,636.38","2025/10/22 10:31:02 (美东)","美股","USD","","","1.99","0","0.06","","","","","","0.01","0","2.06"
"买入","02382","舜宇光学科技","75.00","1,000","75,000.00","已撤单","0@0.00","2025/10/22 15:09:49 (香港)","限价单","撤单前有效","允许","","","","港股","HKD","","","","","","","","","","","","","","","","","","","","","","",""
"买入","09988","阿里巴巴-W","155.00","500","77,500.00","已撤单","0@0.00","2025/10/22 15:08:44 (香港)","限价单","撤单前有效","允许","","","","港股","HKD","","","","","","","","","","","","","","","","","","","","","","",""
"卖出","06160","百济神州","181.80","1,300","236,340.00","全部成交","1,300@182.00","2025/10/22 15:02:34 (香港)","止损限价单","撤单前有效","","","182.00","允许","港股","HKD","","","","","1,300","182.00","236,600.00","2025/10/23 10:09:47 (香港)","港股","HKD","5998","","70.98","10","9.94","237","13.37","6.39","0.35","","","","348.03"
"买入","CRCL","Circle","115.00","100","11,500.00","已撤单","0@0.00","2025/10/21 09:56:38 (美东)","限价单","撤单前有效","","盘中","","","美股","USD","","","","","","","","","","","","","","","","","","","","","","",""
"买入","CRWV","CoreWeave","122.00","50","6,100.00","已撤单","0@0.00","2025/10/21 09:52:14 (美东)","限价单","当日有效","","盘前+盘中+盘后","","","美股","USD","","","","","","","","","","","","","","","","","","","","","","",""
"买入","01276","恒瑞医药","79.50","400","31,800.00","全部成交","400@79.50","2025/10/20 09:46:18 (香港)","限价单","当日有效","允许","","","","港股","HKD","","","","","400","79.50","31,800.00","2025/10/20 09:51:12 (香港)","港股","HKD","5337","","9.54","10","1.34","32","1.8","0.86","0.05","","","","55.59"
"买入","01276","恒瑞医药","79.90","400","31,960.00","全部成交","400@79.90","2025/10/20 09:27:16 (香港)","限价单","当日有效","允许","","","","港股","HKD","","","","","400","79.90","31,960.00","2025/10/20 09:31:18 (香港)","港股","HKD","6996","","9.59","10","1.34","32","1.81","0.86","0.05","","","","55.65"
"卖出","GOOG","谷歌-C","265.00","50","13,250.00","已撤单","0@0.00","2025/10/17 10:16:46 (美东)","止损限价单","撤单前有效","","盘中","265.00","允许","美股","USD","","","","","","","","","","","","","","","","","","","","","","",""
"买入","01888","建滔积层板","12.55","4,000","50,200.00","全部成交","4,000@12.55","2025/10/17 10:15:54 (香港)","限价单","当日有效","允许","","","","港股","HKD","","","","","1,000","12.55","12,550.00","2025/10/17 10:15:55 (香港)","港股","HKD","2845","","15.06","15","2.11","51","2.84","1.36","0.08","","","","87.45"
"","","","","","","","","","","","","","","","","","","","","","3,000","12.55","37,650.00","2025/10/17 10:15:55 (香港)","港股","HKD","2417","","","","","","","","","","","",""
"买入","NIO","蔚来","6.10","500","3,050.00","已撤单","0@0.00","2025/10/16 06:58:17 (美东)","限价单","当日有效","","盘中","","","美股","USD","","","","","","","","","","","","","","","","","","","","","","",""
"买入","NIO","蔚来","6.30","500","3,150.00","全部成交","500@6.30","2025/10/16 05:43:01 (美东)","限价单","当日有效","","盘前+盘中+盘后","","","美股","USD","","","","","446","6.30","2,809.80","2025/10/16 05:44:45 (美东)","美股","USD","","","5","0","1.5","","","","","","","0.01","6.51"
"","","","","","","","","","","","","","","","","","","","","","7","6.30","44.10","2025/10/16 05:44:45 (美东)","美股","USD","","","","","","","","","","","","",""
"","","","","","","","","","","","","","","","","","","","","","47","6.30","296.10","2025/10/16 05:44:45 (美东)","美股","USD","","","","","","","","","","","","",""
"买入","06160","百济神州","189.90","300","56,970.00","全部成交","300@189.90","2025/10/16 15:40:27 (香港)","限价单","当日有效","允许","","","","港股","HKD","","","","","200","189.90","37,980.00","2025/10/16 15:40:27 (香港)","港股","HKD","5998","","17.09","15","2.4","57","3.22","1.54","0.09","","","","96.34"
"","","","","","","","","","","","","","","","","","","","","","100","189.90","18,990.00","2025/10/16 15:40:27 (香港)","港股","HKD","9059","","","","","","","","","","","",""
"卖出","03690","美团-W","98.50","900","88,650.00","全部成交","900@98.50","2025/10/16 15:36:46 (香港)","限价单","当日有效","允许","","","","港股","HKD","","","","","900","98.50","88,650.00","2025/10/16 15:36:46 (香港)","港股","HKD","9068","","26.6","15","3.72","89","5.01","2.39","0.13","","","","141.85"
"买入","01276","恒瑞医药","81.80","600","49,080.00","全部成交","600@81.80","2025/10/16 15:35:44 (香港)","限价单","当日有效","允许","","","","港股","HKD","","","","","200","81.80","16,360.00","2025/10/16 15:37:32 (香港)","港股","HKD","5998","","14.72","15","2.07","51","2.76","1.32","0.06","","","","86.93"
"","","","","","","","","","","","","","","","","","","","","","200","81.80","16,360.00","2025/10/16 15:37:31 (香港)","港股","HKD","6825","","","","","","","","","","","",""
"","","","","","","","","","","","","","","","","","","","","","200","81.80","16,360.00","2025/10/16 15:37:28 (香港)","港股","HKD","5998","","","","","","","","","","","",""
"卖出","03690","美团-W","98.50","1,000","98,500.00","全部成交","1,000@98.50","2025/10/16 15:34:16 (香港)","限价单","当日有效","允许","","","","港股","HKD","","","","","300","98.50","29,550.00","2025/10/16 15:35:29 (香港)","港股","HKD","3443","","29.55","15","4.13","100","5.57","2.67","0.13","","","","157.05"
"","","","","","","","","","","","","","","","","","","","","","500","98.50","49,250.00","2025/10/16 15:35:29 (香港)","港股","HKD","2453","","","","","","","","","","","",""
"","","","","","","","","","","","","","","","","","","","","","100","98.50","9,850.00","2025/10/16 15:35:29 (香港)","港股","HKD","5998","","","","","","","","","","","",""
"","","","","","","","","","","","","","","","","","","","","","100","98.50","9,850.00","2025/10/16 15:35:29 (香港)","港股","HKD","6998","","","","","","","","","","","",""
"买入","00700","腾讯控股","605.00","300","181,500.00","全部成交","300@605.00","2025/10/16 13:45:09 (香港)","限价单","撤单前有效","允许","","","","港股","HKD","","","","","300","605.00","181,500.00","2025/10/17 14:53:09 (香港)","港股","HKD","6999","","54.45","10","7.62","182","10.25","4.9","0.27","","","","269.49"
"买入","CRWV","CoreWeave","105.00","100","10,500.00","已撤单","0@0.00","2025/10/15 09:54:42 (美东)","限价单","撤单前有效","","盘中","","","美股","USD","","","","","","","","","","","","","","","","","","","","","","",""
"买入","TSLA","特斯拉","425.00","20","8,500.00","已撤单","0@0.00","2025/10/15 09:52:29 (美东)","限价单","撤单前有效","","盘中","","","美股","USD","","","","","","","","","","","","","","","","","","","","","","",""
"买入","CRCL","Circle","137.00","30","4,110.00","全部成交","30@137.00","2025/10/15 09:45:35 (美东)","限价单","当日有效","","盘中","","","美股","USD","","","","","22","137.00","3,014.00","2025/10/15 09:45:54 (美东)","美股","USD","","","1.99","0","0.09","","","","","","","0","2.08"
"","","","","","","","","","","","","","","","","","","","","","8","137.00","1,096.00","2025/10/15 09:45:35 (美东)","美股","USD","","","","","","","","","","","","",""
"买入","UNH","联合健康","355.00","10","3,550.00","全部成交","10@355.00","2025/10/15 09:36:04 (美东)","限价单","撤单前有效","","盘中","","","美股","USD","","","","","10","355.00","3,550.00","2025/10/16 14:16:23 (美东)","美股","USD","","","1.99","0","0.03","","","","","","","0","2.02"
"卖出","01810","小米集团-W","49.50","5,000","247,500.00","全部成交","5,000@49.50","2025/10/15 11:05:50 (香港)","限价单","当日有效","允许","","","","港股","HKD","","","","","800","49.50","39,600.00","2025/10/15 14:35:06 (香港)","港股","HKD","4486","","74.25","15","10.39","248","13.99","6.68","0.37","","","","368.68"
"","","","","","","","","","","","","","","","","","","","","","4,200","49.50","207,900.00","2025/10/15 14:35:06 (香港)","港股","HKD","7287","","","","","","","","","","","",""
"买入","09988","阿里巴巴-W","158.00","500","79,000.00","已撤单","0@0.00","2025/10/15 09:55:23 (香港)","限价单","当日有效","允许","","","","港股","HKD","","","","","","","","","","","","","","","","","","","","","","",""
"买入","00700","腾讯控股","624.00","200","124,800.00","全部成交","200@624.00","2025/10/15 09:38:05 (香港)","限价单","当日有效","允许","","","","港股","HKD","","","","","200","624.00","124,800.00","2025/10/15 10:44:30 (香港)","港股","HKD","6996","","37.44","15","5.24","125","7.05","3.37","0.19","","","","193.29"
"买入","09988","阿里巴巴-W","150.00","500","75,000.00","已撤单","0@0.00","2025/10/15 09:37:45 (香港)","限价单","当日有效","允许","","","","港股","HKD","","","","","","","","","","","","","","","","","","","","","","",""
"卖出","01810","小米集团-W","50.00","5,000","250,000.00","已撤单","0@0.00","2025/10/15 09:37:14 (香港)","限价单","当日有效","允许","","","","港股","HKD","","","","","","","","","","","","","","","","","","","","","","",""
"卖出","01810","小米集团-W","49.02","5,000","245,100.00","全部成交","5,000@49.02","2025/10/15 09:37:08 (香港)","限价单","当日有效","允许","","","","港股","HKD","","","","","4,200","49.02","205,884.00","2025/10/15 09:37:08 (香港)","港股","HKD","6999","","73.53","15","10.3","246","13.84","6.61","0.36","","","","365.64"
"","","","","","","","","","","","","","","","","","","","","","200","49.02","9,804.00","2025/10/15 09:37:08 (香港)","港股","HKD","8469","","","","","","","","","","","",""
"","","","","","","","","","","","","","","","","","","","","","600","49.02","29,412.00","2025/10/15 09:37:08 (香港)","港股","HKD","6997","","","","","","","","","","","",""
"买入","09988","阿里巴巴-W","158.00","500","79,000.00","全部成交","500@158.00","2025/10/15 09:26:09 (香港)","限价单","当日有效","允许","","","","港股","HKD","","","","","500","158.00","79,000.00","2025/10/15 09:31:30 (香港)","港股","HKD","3532","","23.7","15","3.32","79","4.46","2.13","0.12","","","","127.73"
"卖出","01810","小米集团-W","50.00","5,000","250,000.00","已撤单","0@0.00","2025/10/15 09:25:55 (香港)","限价单","当日有效","允许","","","","港股","HKD","","","","","","","","","","","","","","","","","","","","","","",""
"买入","CRCL","Circle","125.00","100","12,500.00","全部成交","100@125.00","2025/10/14 07:05:46 (美东)","限价单","撤单前有效","","盘中","","","美股","USD","","","","","100","125.00","12,500.00","2025/10/17 09:33:32 (美东)","美股","USD","","","1.99","0","0.3","","","","","","","0","2.29"
"买入","00700","腾讯控股","570.00","500","285,000.00","已撤单","0@0.00","2025/10/14 15:49:21 (香港)","限价单","撤单前有效","允许","","","","港股","HKD","","","","","","","","","","","","","","","","","","","","","","",""
"买入","02382","舜宇光学科技","75.00","1,000","75,000.00","已撤单","0@0.00","2025/10/14 14:48:29 (香港)","限价单","撤单前有效","允许","","","","港股","HKD","","","","","","","","","","","","","","","","","","","","","","",""
"买入","09988","阿里巴巴-W","135.00","2,000","270,000.00","已撤单","0@0.00","2025/10/14 14:41:04 (香港)","限价单","撤单前有效","允许","","","","港股","HKD","","","","","","","","","","","","","","","","","","","","","","",""
"买入","09988","阿里巴巴-W","145.00","1,000","145,000.00","已撤单","0@0.00","2025/10/14 14:40:43 (香港)","限价单","撤单前有效","允许","","","","港股","HKD","","","","","","","","","","","","","","","","","","","","","","",""
"买入","09988","阿里巴巴-W","150.00","500","75,000.00","已撤单","0@0.00","2025/10/14 10:55:10 (香港)","限价单","当日有效","允许","","","","港股","HKD","","","","","","","","","","","","","","","","","","","","","","",""
"买入","09988","阿里巴巴-W","145.00","1,000","145,000.00","已撤单","0@0.00","2025/10/14 10:55:01 (香港)","限价单","当日有效","允许","","","","港股","HKD","","","","","","","","","","","","","","","","","","","","","","",""
"买入","CRCL","Circle","136.44","30","4,093.20","全部成交","30@136.44","2025/10/13 11:49:44 (美东)","限价单","当日有效","","盘前+盘中+盘后","","","美股","USD","","","","","30","136.44","4,093.20","2025/10/13 11:49:44 (美东)","美股","USD","","","1.99","0","0.09","","","","","","","0","2.08"
"买入","CRWV","CoreWeave","140.00","50","7,000.00","全部成交","50@140.00","2025/10/13 04:50:06 (美东)","限价单","当日有效","","盘中","","","美股","USD","","","","","50","140.00","7,000.00","2025/10/13 09:33:13 (美东)","美股","USD","","","1.99","0","0.15","","","","","","","0","2.14"
"买入","CRCL","Circle","135.00","60","8,100.00","已撤单","0@0.00","2025/10/13 04:35:46 (美东)","限价单","当日有效","","盘中","","","美股","USD","","","","","","","","","","","","","","","","","","","","","","",""
"买入","TSLA","特斯拉","415.00","20","8,300.00","已撤单","0@0.00","2025/10/13 04:34:55 (美东)","限价单","当日有效","","盘中","","","美股","USD","","","","","","","","","","","","","","","","","","","","","","",""
"买入","01888","建滔积层板","12.58","2,000","25,160.00","全部成交","2,000@12.58","2025/10/13 15:21:16 (香港)","限价单","当日有效","允许","","","","港股","HKD","","","","","500","12.58","6,290.00","2025/10/13 15:21:17 (香港)","港股","HKD","3436","","7.55","15","1.05","27","1.43","0.68","0.04","","","","52.75"
"","","","","","","","","","","","","","","","","","","","","","1,000","12.58","12,580.00","2025/10/13 15:21:16 (香港)","港股","HKD","8039","","","","","","","","","","","",""
"","","","","","","","","","","","","","","","","","","","","","500","12.58","6,290.00","2025/10/13 15:21:16 (香港)","港股","HKD","8029","","","","","","","","","","","",""
"买入","03690","美团-W","87.00","2,000","174,000.00","已撤单","0@0.00","2025/10/13 12:17:16 (香港)","限价单","撤单前有效","允许","","","","港股","HKD","","","","","","","","","","","","","","","","","","","","","","",""
"买入","00700","腾讯控股","595.00","500","297,500.00","已撤单","0@0.00","2025/10/13 11:17:58 (香港)","限价单","撤单前有效","允许","","","","港股","HKD","","","","","","","","","","","","","","","","","","","","","","",""
"卖出","02359","药明康德","105.10","900","94,590.00","全部成交","900@105.10","2025/10/13 11:06:11 (香港)","限价单","当日有效","允许","","","","港股","HKD","","","","","600","105.10","63,060.00","2025/10/13 11:12:23 (香港)","港股","HKD","6999","","28.38","15","3.97","96","5.34","2.55","0.14","","","","151.38"
"","","","","","","","","","","","","","","","","","","","","","300","105.10","31,530.00","2025/10/13 11:12:21 (香港)","港股","HKD","6999","","","","","","","","","","","",""
"卖出","02359","药明康德","105.00","100","10,500.00","全部成交","100@105.00","2025/10/13 10:57:57 (香港)","限价单","当日有效","允许","","","","港股","HKD","","","","","100","105.00","10,500.00","2025/10/13 10:57:57 (香港)","港股","HKD","8410","","3.15","15","0.44","11","0.59","0.28","0.02","","","","30.48"
"买入","00270","粤海投资","6.94","4,000","27,760.00","全部成交","4,000@6.94","2025/10/13 10:23:58 (香港)","限价单","当日有效","允许","","","","港股","HKD","","","","","4,000","6.94","27,760.00","2025/10/13 10:23:58 (香港)","港股","HKD","6387","","8.33","15","1.17","28","1.57","0.75","0.04","","","","54.86"
"买入","01276","恒瑞医药","75.00","2,000","150,000.00","已撤单","0@0.00","2025/10/13 09:13:04 (香港)","限价单","当日有效","允许","","","","港股","HKD","","","","","","","","","","","","","","","","","","","","","","",""
"买入","TSLA","特斯拉","381.00","50","19,050.00","已撤单","0@0.00","2025/10/11 03:28:25 (美东)","限价单","撤单前有效","","盘中","","","美股","USD","","","","","","","","","","","","","","","","","","","","","","",""
"买入","UNH","联合健康","330.00","10","3,300.00","已撤单","0@0.00","2025/10/11 03:23:02 (美东)","限价单","撤单前有效","","盘中","","","美股","USD","","","","","","","","","","","","","","","","","","","","","","",""
"买入","TSLA","特斯拉","355.00","100","35,500.00","已撤单","0@0.00","2025/10/11 03:20:18 (美东)","限价单","撤单前有效","","盘中","","","美股","USD","","","","","","","","","","","","","","","","","","","","","","",""
"卖出","NIO","蔚来","6.88","3,000","20,640.00","全部成交","3,000@6.91","2025/10/11 03:19:59 (美东)","止损限价单","撤单前有效","","盘中","6.90","允许","美股","USD","","","","","3,000","6.91","20,730.00","2025/11/07 09:32:59 (美东)","美股","USD","","","30","0","9","","","","","","0.5","0.08","39.58"
"卖出","NIO","蔚来","5.95","3,000","17,850.00","已撤单","0@0.00","2025/10/11 03:19:18 (美东)","止损限价单","撤单前有效","","盘前+盘中+盘后","6.00","允许","美股","USD","","","","","","","","","","","","","","","","","","","","","","",""
"买入","UNH","联合健康","343.00","10","3,430.00","已撤单","0@0.00","2025/10/10 17:36:20 (美东)","限价单","撤单前有效","","盘前+盘中+盘后","","","美股","USD","","","","","","","","","","","","","","","","","","","","","","",""
"买入","09988","阿里巴巴-W","135.00","2,000","270,000.00","已撤单","0@0.00","2025/10/11 00:32:59 (香港)","限价单","撤单前有效","允许","","","","港股","HKD","","","","","","","","","","","","","","","","","","","","","","",""
"买入","09988","阿里巴巴-W","158.00","500","79,000.00","全部成交","500@158.00","2025/10/11 00:32:38 (香港)","限价单","撤单前有效","允许","","","","港股","HKD","","","","","500","158.00","79,000.00","2025/10/14 13:01:25 (香港)","港股","HKD","757","","23.7","15","3.32","79","4.46","2.13","0.12","","","","127.73"
"买入","UNH","联合健康","340.00","10","3,400.00","已撤单","0@0.00","2025/10/10 11:45:32 (美东)","限价单","撤单前有效","","盘中","","","美股","USD","","","","","","","","","","","","","","","","","","","","","","",""
"买入","NIO","蔚来","6.99","200","1,398.00","全部成交","200@6.9899","2025/10/10 11:45:01 (美东)","限价单","当日有效","","盘前+盘中+盘后","","","美股","USD","","","","","200","6.9899","1,397.98","2025/10/10 11:45:02 (美东)","美股","USD","","","2","0","0.6","","","","","","","0.01","2.61"
"买入","TSLA","特斯拉","437.00","20","8,740.00","全部成交","20@437.00","2025/10/10 09:55:41 (美东)","限价单","当日有效","","盘前+盘中+盘后","","","美股","USD","","","","","20","437.00","8,740.00","2025/10/10 09:57:50 (美东)","美股","USD","","","1.99","0","0.06","","","","","","","0","2.05"
"买入","CRWV","CoreWeave","140.00","50","7,000.00","全部成交","50@140.00","2025/10/10 09:32:58 (美东)","限价单","当日有效","","盘中","","","美股","USD","","","","","50","140.00","7,000.00","2025/10/10 11:31:28 (美东)","美股","USD","","","1.99","0","0.15","","","","","","","0","2.14"
"买入","TSLA","特斯拉","410.00","20","8,200.00","已撤单","0@0.00","2025/10/10 05:47:21 (美东)","限价单","当日有效","","盘中","","","美股","USD","","","","","","","","","","","","","","","","","","","","","","",""
"买入","UNH","联合健康","355.00","30","10,650.00","全部成交","30@355.00","2025/10/10 04:40:08 (美东)","限价单","2025/10/27 (美东) 收盘前有效","","盘中","","","美股","USD","","","","","30","355.00","10,650.00","2025/10/10 11:32:50 (美东)","美股","USD","","","1.99","0","0.09","","","","","","","0","2.08"
"买入","UNH","联合健康","355.00","60","21,300.00","已撤单","0@0.00","2025/10/10 04:39:18 (美东)","限价单","撤单前有效","","盘中","","","美股","USD","","","","","","","","","","","","","","","","","","","","","","",""
"卖出","01888","建滔积层板","10.48","5,000","52,400.00","已撤单","0@0.00","2025/10/10 15:56:29 (香港)","止损限价单","撤单前有效","","","10.50","允许","港股","HKD","","","","","","","","","","","","","","","","","","","","","","",""
"买入","TSLA","特斯拉","426.00","30","12,780.00","全部成交","30@425.98667","2025/10/10 03:55:32 (美东)","限价单","撤单前有效","","盘中","","","美股","USD","","","","","2","426.00","852.00","2025/10/10 11:18:29 (美东)","美股","USD","","","1.99","0","0.09","","","","","","","0","2.08"
"","","","","","","","","","","","","","","","","","","","","","1","426.00","426.00","2025/10/10 11:18:29 (美东)","美股","USD","","","","","","","","","","","","",""
"","","","","","","","","","","","","","","","","","","","","","6","426.00","2,556.00","2025/10/10 11:18:29 (美东)","美股","USD","","","","","","","","","","","","",""
"","","","","","","","","","","","","","","","","","","","","","1","426.00","426.00","2025/10/10 11:18:29 (美东)","美股","USD","","","","","","","","","","","","",""
"","","","","","","","","","","","","","","","","","","","","","20","425.98","8,519.60","2025/10/10 11:18:29 (美东)","美股","USD","","","","","","","","","","","","",""
"买入","CRWV","CoreWeave","132.00","50","6,600.00","已撤单","0@0.00","2025/10/10 03:55:01 (美东)","限价单","撤单前有效","","盘中","","","美股","USD","","","","","","","","","","","","","","","","","","","","","","",""
"买入","TSLA","特斯拉","415.00","30","12,450.00","已撤单","0@0.00","2025/10/10 03:54:19 (美东)","限价单","撤单前有效","","全时段","","","美股","USD","","","","","","","","","","","","","","","","","","","","","","",""
"买入","CRWV","CoreWeave","132.00","80","10,560.00","已撤单","0@0.00","2025/10/10 03:52:56 (美东)","限价单","撤单前有效","","全时段","","","美股","USD","","","","","","","","","","","","","","","","","","","","","","",""
"卖出","01888","建滔积层板","触及市价","5,000","0.00","已撤单","0@0.00","2025/10/10 14:40:09 (香港)","止损市价单","撤单前有效","","","10.50","","港股","HKD","","","","","","","","","","","","","","","","","","","","","","",""
"买入","01888","建滔积层板","13.00","2,000","26,000.00","全部成交","2,000@13.00","2025/10/10 10:40:37 (香港)","限价单","当日有效","允许","","","","港股","HKD","","","","","2,000","13.00","26,000.00","2025/10/10 10:40:40 (香港)","港股","HKD","6999","","7.8","30","1.09","26","1.47","0.7","0.04","","","","67.1"
"买入","CRWV","CoreWeave","132.00","80","10,560.00","已撤单","0@0.00","2025/10/09 05:36:29 (美东)","限价单","撤单前有效","","盘中","","","美股","USD","","","","","","","","","","","","","","","","","","","","","","",""
"买入","01888","建滔积层板","12.48","2,000","24,960.00","已撤单","0@0.00","2025/10/09 11:07:33 (香港)","限价单","当日有效","允许","","","","港股","HKD","","","","","","","","","","","","","","","","","","","","","","",""
"买入","CRCL","Circle","135.00","80","10,800.00","已撤单","0@0.00","2025/10/08 10:30:20 (美东)","限价单","撤单前有效","","盘中","","","美股","USD","","","","","","","","","","","","","","","","","","","","","","",""
"卖出","00175","吉利汽车","18.50","20,000","370,000.00","已撤单","0@0.00","2025/10/08 11:28:18 (香港)","止损限价单","撤单前有效","","","18.50","允许","港股","HKD","","","","","","","","","","","","","","","","","","","","","","",""
"买入","00270","粤海投资","6.50","4,000","26,000.00","已撤单","0@0.00","2025/10/08 09:43:53 (香港)","限价单","当日有效","允许","","","","港股","HKD","","","","","","","","","","","","","","","","","","","","","","",""
"买入","00270","粤海投资","6.73","6,000","40,380.00","全部成交","6,000@6.73","2025/10/08 09:43:25 (香港)","限价单","当日有效","允许","","","","港股","HKD","","","","","6,000","6.73","40,380.00","2025/10/08 09:44:15 (香港)","港股","HKD","1799","","12.11","30","1.7","41","2.28","1.09","0.06","","","","88.24"
"买入","CRWV","CoreWeave","129.19","20","2,583.80","全部成交","20@129.19","2025/10/07 12:34:29 (美东)","限价单","当日有效","","盘前+盘中+盘后","","","美股","USD","","","","","20","129.19","2,583.80","2025/10/07 12:34:50 (美东)","美股","USD","","","1.99","0","0.06","","","","","","","0","2.05"
"卖出","AMD","美国超微公司","216.00","40","8,640.00","全部成交","40@216.00","2025/10/07 09:47:07 (美东)","限价单","撤单前有效","","盘中","","","美股","USD","","","","","40","216.00","8,640.00","2025/10/07 10:34:21 (美东)","美股","USD","","","1.99","0","0.12","","","","","","0.01","0","2.12"
"卖出","AMD","美国超微公司","215.00","40","8,600.00","已撤单","0@0.00","2025/10/06 10:08:05 (美东)","限价单","当日有效","","盘前+盘中+盘后","","","美股","USD","","","","","","","","","","","","","","","","","","","","","","",""
"卖出","AMD","美国超微公司","210.00","40","8,400.00","全部成交","40@210.00","2025/10/06 10:06:27 (美东)","限价单","当日有效","","盘前+盘中+盘后","","","美股","USD","","","","","40","210.00","8,400.00","2025/10/06 10:07:20 (美东)","美股","USD","","","1.99","0","0.12","","","","","","0.01","0","2.12"
"卖出","AMD","美国超微公司","210.00","50","10,500.00","下单失败","0@0.00","2025/10/06 10:05:39 (美东)","限价单","当日有效","","盘前+盘中+盘后","","","美股","USD","","","","","","","","","","","","","","","","","","","","","","",""
"买入","CRCL","Circle","147.75","30","4,432.50","全部成交","30@147.6383","2025/10/06 09:51:08 (美东)","限价单","当日有效","","盘前+盘中+盘后","","","美股","USD","","","","","30","147.6383","4,429.15","2025/10/06 09:51:09 (美东)","美股","USD","","","1.99","0","0.09","","","","","","","0","2.08"
"卖出","AMD","美国超微公司","216.00","80","17,280.00","已撤单","0@0.00","2025/10/06 09:49:31 (美东)","限价单","当日有效","","盘前+盘中+盘后","","","美股","USD","","","","","","","","","","","","","","","","","","","","","","",""
"卖出","AMD","美国超微公司","220.00","50","11,000.00","已撤单","0@0.00","2025/10/06 09:45:15 (美东)","限价单","当日有效","","盘前+盘中+盘后","","","美股","USD","","","","","","","","","","","","","","","","","","","","","","",""
"买入","TSLA","特斯拉","370.00","100","37,000.00","已撤单","0@0.00","2025/10/06 09:44:00 (美东)","限价单","撤单前有效","","盘中","","","美股","USD","","","","","","","","","","","","","","","","","","","","","","",""
"卖出","AMD","美国超微公司","220.00","50","11,000.00","全部成交","50@220.00","2025/10/06 09:39:12 (美东)","限价单","当日有效","","盘前+盘中+盘后","","","美股","USD","","","","","50","220.00","11,000.00","2025/10/06 09:40:28 (美东)","美股","USD","","","1.99","0","0.15","","","","","","0.01","0","2.15"
"卖出","AMD","美国超微公司","220.00","50","11,000.00","已撤单","0@0.00","2025/10/06 09:37:04 (美东)","限价单","当日有效","","盘前+盘中+盘后","","","美股","USD","","","","","","","","","","","","","","","","","","","","","","",""
"卖出","AMD","美国超微公司","217.00","50","10,850.00","全部成交","50@217.00","2025/10/06 09:34:31 (美东)","限价单","当日有效","","盘前+盘中+盘后","","","美股","USD","","","","","50","217.00","10,850.00","2025/10/06 09:35:04 (美东)","美股","USD","","","1.99","0","0.15","","","","","","0.01","0","2.15"
"买入","CRWV","CoreWeave","137.05","40","5,482.00","全部成交","40@137.05","2025/10/06 09:31:09 (美东)","限价单","当日有效","","盘前+盘中+盘后","","","美股","USD","","","","","40","137.05","5,482.00","2025/10/06 09:31:11 (美东)","美股","USD","","","1.99","0","0.12","","","","","","","0","2.11"
"买入","00270","粤海投资","7.15","10,000","71,500.00","全部成交","10,000@7.15","2025/10/06 10:05:29 (香港)","限价单","当日有效","允许","","","","港股","HKD","","","","","8,000","7.15","57,200.00","2025/10/06 11:04:29 (香港)","港股","HKD","8577","","21.45","30","3","73","4.04","1.93","0.11","","","","133.53"
"","","","","","","","","","","","","","","","","","","","","","2,000","7.15","14,300.00","2025/10/06 10:52:18 (香港)","港股","HKD","757","","","","","","","","","","","",""
"买入","03690","美团-W","107.00","500","53,500.00","全部成交","500@107.00","2025/10/06 09:46:19 (香港)","限价单","当日有效","允许","","","","港股","HKD","","","","","500","107.00","53,500.00","2025/10/06 09:54:41 (香港)","港股","HKD","3530","","16.05","30","2.25","54","3.02","1.44","0.08","","","","106.84"
"买入","CRWV","CoreWeave","139.18","30","4,175.40","全部成交","30@139.18","2025/10/03 11:50:20 (美东)","限价单","当日有效","","盘前+盘中+盘后","","","美股","USD","","","","","30","139.18","4,175.40","2025/10/03 11:50:21 (美东)","美股","USD","","","1.99","0","0.09","","","","","","","0","2.08"
"卖出","META","Meta Platforms","715.66","4","2,862.64","全部成交","4@715.83","2025/10/03 11:49:58 (美东)","限价单","当日有效","","盘前+盘中+盘后","","","美股","USD","","","","","4","715.83","2,863.32","2025/10/03 11:49:58 (美东)","美股","USD","","","1.99","0","0.01","","","","","","0.01","0","2.01"
"买入","CRCL","Circle","151.00","20","3,020.00","全部成交","20@151.00","2025/10/03 11:45:21 (美东)","限价单","当日有效","","盘前+盘中+盘后","","","美股","USD","","","","","20","151.00","3,020.00","2025/10/03 11:48:16 (美东)","美股","USD","","","1.99","0","0.06","","","","","","","0","2.05"
"买入","CRCL","Circle","149.58","10","1,495.80","已撤单","0@0.00","2025/10/03 11:43:44 (美东)","限价单","当日有效","","盘前+盘中+盘后","","","美股","USD","","","","","","","","","","","","","","","","","","","","","","",""
"买入","03690","美团-W","105.00","500","52,500.00","已撤单","0@0.00","2025/10/03 09:51:54 (香港)","限价单","当日有效","允许","","","","港股","HKD","","","","","","","","","","","","","","","","","","","","","","",""
"买入","CRCL","Circle","134.00","80","10,720.00","已撤单","0@0.00","2025/10/02 11:48:50 (美东)","限价单","撤单前有效","","盘中","","","美股","USD","","","","","","","","","","","","","","","","","","","","","","",""
"买入","CRCL","Circle","135.84","10","1,358.40","全部成交","10@135.84","2025/10/02 10:41:04 (美东)","限价单","当日有效","","盘前+盘中+盘后","","","美股","USD","","","","","10","135.84","1,358.40","2025/10/02 10:41:21 (美东)","美股","USD","","","1.99","0","0.03","","","","","","","0","2.02"
"买入","03690","美团-W","105.00","500","52,500.00","全部成交","500@105.00","2025/10/02 10:27:18 (香港)","限价单","撤单前有效","允许","","","","港股","HKD","","","","","500","105.00","52,500.00","2025/10/06 13:05:30 (香港)","港股","HKD","7351","","15.75","30","2.21","53","2.97","1.42","0.08","","","","105.43"
"买入","CRWV","CoreWeave","122.00","100","12,200.00","已撤单","0@0.00","2025/10/01 11:43:22 (美东)","限价单","撤单前有效","","盘中","","","美股","USD","","","","","","","","","","","","","","","","","","","","","","",""
"买入","CRCL","Circle","135.50","8","1,084.00","全部成交","8@135.43","2025/10/01 11:21:04 (美东)","限价单","当日有效","","盘前+盘中+盘后","","","美股","USD","","","","","8","135.43","1,083.44","2025/10/01 11:21:04 (美东)","美股","USD","","","1.99","0","0.02","","","","","","","0","2.01"
"买入","CRWV","CoreWeave","136.24","10","1,362.40","全部成交","10@136.24","2025/10/01 11:19:25 (美东)","限价单","当日有效","","盘前+盘中+盘后","","","美股","USD","","","","","9","136.24","1,226.16","2025/10/01 11:19:26 (美东)","美股","USD","","","1.99","0","0.03","","","","","","","0","2.02"
"","","","","","","","","","","","","","","","","","","","","","1","136.24","136.24","2025/10/01 11:19:26 (美东)","美股","USD","","","","","","","","","","","","",""
"买入","PLTR","Palantir","185.62","8","1,484.96","全部成交","8@185.555","2025/10/01 11:17:28 (美东)","限价单","当日有效","","盘中","","","美股","USD","","","","","8","185.555","1,484.44","2025/10/01 11:17:28 (美东)","美股","USD","","","1.99","0","0.02","","","","","","","0","2.01"
"卖出","META","Meta Platforms","714.29","10","7,142.90","全部成交","10@714.29","2025/10/01 10:17:55 (美东)","限价单","当日有效","","盘前+盘中+盘后","","","美股","USD","","","","","10","714.29","7,142.90","2025/10/01 10:17:55 (美东)","美股","USD","","","1.99","0","0.03","","","","","","0.01","0","2.03"
"卖出","META","Meta Platforms","714.00","10","7,140.00","全部成交","10@714.00","2025/10/01 10:17:26 (美东)","限价单","当日有效","","盘前+盘中+盘后","","","美股","USD","","","","","9","714.00","6,426.00","2025/10/01 10:17:27 (美东)","美股","USD","","","1.99","0","0.03","","","","","","0.02","0","2.04"
"","","","","","","","","","","","","","","","","","","","","","1","714.00","714.00","2025/10/01 10:17:27 (美东)","美股","USD","","","","","","","","","","","","",""
"卖出","AMD","美国超微公司","149.80","100","14,980.00","已撤单","0@0.00","2025/09/30 13:22:51 (美东)","止损限价单","撤单前有效","","盘中","150.00","允许","美股","USD","","","","","","","","","","","","","","","","","","","","","","",""
"卖出","UNH","联合健康","336.80","30","10,104.00","已撤单","0@0.00","2025/09/30 13:03:09 (美东)","止损限价单","撤单前有效","","盘中","337.00","允许","美股","USD","","","","","","","","","","","","","","","","","","","","","","",""
"买入","00270","粤海投资","7.07","12,000","84,840.00","全部成交","12,000@7.07","2025/09/30 14:20:21 (香港)","限价单","当日有效","允许","","","","港股","HKD","","","","","4,000","7.07","28,280.00","2025/09/30 14:35:44 (香港)","港股","HKD","6999","","25.45","10","3.57","87","4.8","2.28","0.12","","","","133.22"
"","","","","","","","","","","","","","","","","","","","","","4,000","7.07","28,280.00","2025/09/30 14:35:11 (香港)","港股","HKD","6999","","","","","","","","","","","",""
"","","","","","","","","","","","","","","","","","","","","","4,000","7.07","28,280.00","2025/09/30 14:35:02 (香港)","港股","HKD","6999","","","","","","","","","","","",""
"买入","ASTS","AST SpaceMobile","45.00","100","4,500.00","已撤单","0@0.00","2025/09/29 09:44:25 (美东)","限价单","撤单前有效","","盘前+盘中+盘后","","","美股","USD","","","","","","","","","","","","","","","","","","","","","","",""
"买入","TSLA","特斯拉","420.00","20","8,400.00","已撤单","0@0.00","2025/09/29 08:47:44 (美东)","限价单","撤单前有效","","盘中","","","美股","USD","","","","","","","","","","","","","","","","","","","","","","",""
"买入","01276","恒瑞医药","84.50","200","16,900.00","全部成交","200@84.50","2025/09/29 10:09:49 (香港)","限价单","当日有效","允许","","","","港股","HKD","","","","","200","84.50","16,900.00","2025/09/29 10:10:27 (香港)","港股","HKD","8553","","5.07","10","0.71","17","0.95","0.46","0.03","","","","34.22"
"买入","PLTR","Palantir","156.00","60","9,360.00","已撤单","0@0.00","2025/09/25 10:20:31 (美东)","限价单","撤单前有效","","盘中","","","美股","USD","","","","","","","","","","","","","","","","","","","","","","",""
"买入","NIO","蔚来","6.20","1,200","7,440.00","已撤单","0@0.00","2025/09/22 11:16:33 (美东)","限价单","撤单前有效","","盘中","","","美股","USD","","","","","","","","","","","","","","","","","","","","","","",""
"买入","NIO","蔚来","6.80","200","1,360.00","已撤单","0@0.00","2025/09/22 11:15:27 (美东)","限价单","撤单前有效","","盘中","","","美股","USD","","","","","","","","","","","","","","","","","","","","","","",""
"买入","NIO","蔚来","6.80","200","1,360.00","已撤单","0@0.00","2025/09/22 11:15:25 (美东)","限价单","撤单前有效","","盘中","","","美股","USD","","","","","","","","","","","","","","","","","","","","","","",""
"买入","NIO","蔚来","7.13","300","2,139.00","全部成交","300@7.1298","2025/09/22 11:14:55 (美东)","限价单","当日有效","","盘前+盘中+盘后","","","美股","USD","","","","","300","7.1298","2,138.94","2025/09/22 11:14:55 (美东)","美股","USD","","","3","0","0.9","","","","","","","0.01","3.91"
"买入","NIO","蔚来","6.80","500","3,400.00","已撤单","0@0.00","2025/09/22 09:43:03 (美东)","限价单","当日有效","","盘中","","","美股","USD","","","","","","","","","","","","","","","","","","","","","","",""
"买入","NIO","蔚来","7.34","500","3,670.00","全部成交","500@7.335","2025/09/22 09:34:15 (美东)","限价单","当日有效","","盘前+盘中+盘后","","","美股","USD","","","","","500","7.335","3,667.50","2025/09/22 09:34:15 (美东)","美股","USD","","","5","0","1.5","","","","","","","0.01","6.51"
"买入","TSLA","特斯拉","385.00","70","26,950.00","已撤单","0@0.00","2025/09/20 02:18:50 (美东)","限价单","撤单前有效","","盘中","","","美股","USD","","","","","","","","","","","","","","","","","","","","","","",""
"买入","NIO","蔚来","7.00","1,000","7,000.00","已撤单","0@0.00","2025/09/19 12:05:35 (美东)","限价单","当日有效","","盘中","","","美股","USD","","","","","","","","","","","","","","","","","","","","","","",""
"卖出","COST","好市多","947.11","10","9,471.10","全部成交","10@947.11","2025/09/19 11:27:03 (美东)","限价单","当日有效","","盘前+盘中+盘后","","","美股","USD","","","","","10","947.11","9,471.10","2025/09/19 11:27:03 (美东)","美股","USD","","","1.99","0","0.03","","","","","","0.01","0","2.03"
"买入","NIO","蔚来","7.43","500","3,715.00","全部成交","500@7.43","2025/09/19 11:19:27 (美东)","限价单","当日有效","","盘中","","","美股","USD","","","","","500","7.43","3,715.00","2025/09/19 12:09:21 (美东)","美股","USD","","","5","0","1.5","","","","","","","0.01","6.51"
"买入","NIO","蔚来","7.43","500","3,715.00","全部成交","500@7.43","2025/09/19 11:18:37 (美东)","限价单","当日有效","","盘前+盘中+盘后","","","美股","USD","","","","","500","7.43","3,715.00","2025/09/19 11:23:05 (美东)","美股","USD","","","5","0","1.5","","","","","","","0.01","6.51"
"买入","NIO","蔚来","7.41","500","3,705.00","全部成交","500@7.41","2025/09/19 11:15:56 (美东)","限价单","当日有效","","盘前+盘中+盘后","","","美股","USD","","","","","500","7.41","3,705.00","2025/09/19 11:17:03 (美东)","美股","USD","","","5","0","1.5","","","","","","","0.01","6.51"
"买入","00270","粤海投资","6.85","20,000","137,000.00","已撤单","0@0.00","2025/09/19 11:55:15 (香港)","限价单","撤单前有效","允许","","","","港股","HKD","","","","","","","","","","","","","","","","","","","","","","",""
"买入","06160","百济神州","180.00","500","90,000.00","已撤单","0@0.00","2025/09/19 11:53:28 (香港)","限价单","撤单前有效","允许","","","","港股","HKD","","","","","","","","","","","","","","","","","","","","","","",""
"卖出","00853","微创医疗","13.46","1,000","13,460.00","全部成交","1,000@13.46","2025/09/19 11:51:31 (香港)","限价单","当日有效","允许","","","","港股","HKD","","","","","1,000","13.46","13,460.00","2025/09/19 11:51:31 (香港)","港股","HKD","5999","","4.04","10","0.57","14","0.76","0.36","0.02","","","","29.75"
"买入","PLTR","Palantir","175.61","2","351.22","全部成交","2@175.61","2025/09/18 10:12:37 (美东)","限价单","当日有效","","盘前+盘中+盘后","","","美股","USD","","","","","2","175.61","351.22","2025/09/18 10:12:46 (美东)","美股","USD","","","1.99","0","0.01","","","","","","","0","2"
"买入","UNH","联合健康","340.00","10","3,400.00","全部成交","10@340.00","2025/09/18 10:09:31 (美东)","限价单","撤单前有效","","盘中","","","美股","USD","","","","","10","340.00","3,400.00","2025/09/18 12:32:59 (美东)","美股","USD","","","1.99","0","0.03","","","","","","","0","2.02"
"买入","UNH","联合健康","340.00","10","3,400.00","已撤单","0@0.00","2025/09/18 10:06:02 (美东)","限价单","撤单前有效","","盘前+盘中+盘后","","","美股","USD","","","","","","","","","","","","","","","","","","","","","","",""
"买入","UNH","联合健康","343.52","10","3,435.20","全部成交","10@343.491","2025/09/18 10:04:23 (美东)","限价单","当日有效","","盘前+盘中+盘后","","","美股","USD","","","","","1","343.50","343.50","2025/09/18 10:04:23 (美东)","美股","USD","","","1.99","0","0.03","","","","","","","0","2.02"
"","","","","","","","","","","","","","","","","","","","","","5","343.49","1,717.45","2025/09/18 10:04:23 (美东)","美股","USD","","","","","","","","","","","","",""
"","","","","","","","","","","","","","","","","","","","","","4","343.49","1,373.96","2025/09/18 10:04:23 (美东)","美股","USD","","","","","","","","","","","","",""
"卖出","TMDX","TransMedics","116.71","1","116.71","全部成交","1@116.7712","2025/09/18 09:41:17 (美东)","限价单","当日有效","","盘前+盘中+盘后","","","美股","USD","","","","","1","116.7712","116.77","2025/09/18 09:41:17 (美东)","美股","USD","","","1.99","0","0","","","","","","0.01","0","2"
"买入","AMD","美国超微公司","151.96","50","7,598.00","全部成交","50@151.96","2025/09/18 09:39:45 (美东)","限价单","当日有效","","盘中","","","美股","USD","","","","","50","151.96","7,598.00","2025/09/18 09:39:46 (美东)","美股","USD","","","1.99","0","0.15","","","","","","","0","2.14"
"买入","UNH","联合健康","341.06","10","3,410.60","全部成交","10@341.038","2025/09/18 09:38:06 (美东)","限价单","当日有效","","盘中","","","美股","USD","","","","","8","341.04","2,728.32","2025/09/18 09:38:07 (美东)","美股","USD","","","1.99","0","0.03","","","","","","","0","2.02"
"","","","","","","","","","","","","","","","","","","","","","2","341.03","682.06","2025/09/18 09:38:07 (美东)","美股","USD","","","","","","","","","","","","",""
"买入","RKLB","Rocket Lab","48.90","100","4,890.00","全部成交","100@48.8335","2025/09/18 09:32:34 (美东)","限价单","当日有效","","盘前+盘中+盘后","","","美股","USD","","","","","100","48.8335","4,883.35","2025/09/18 09:32:35 (美东)","美股","USD","","","1.99","0","0.3","","","","","","","0","2.29"
"买入","PLTR","Palantir","168.00","5","840.00","已撤单","0@0.00","2025/09/18 07:47:59 (美东)","限价单","当日有效","","盘中","","","美股","USD","","","","","","","","","","","","","","","","","","","","","","",""
"买入","RKLB","Rocket Lab","45.00","100","4,500.00","已撤单","0@0.00","2025/09/18 06:32:32 (美东)","限价单","当日有效","","盘中","","","美股","USD","","","","","","","","","","","","","","","","","","","","","","",""
"买入","00270","粤海投资","7.26","20,000","145,200.00","全部成交","20,000@7.26","2025/09/18 17:48:43 (香港)","限价单","撤单前有效","允许","","","","港股","HKD","","","","","2,000","7.26","14,520.00","2025/09/19 09:32:20 (香港)","港股","HKD","6998","","43.56","15","6.1","149","8.2","3.91","0.21","","","","225.98"
"","","","","","","","","","","","","","","","","","","","","","2,000","7.26","14,520.00","2025/09/19 09:31:54 (香港)","港股","HKD","6999","","","","","","","","","","","",""
"","","","","","","","","","","","","","","","","","","","","","2,000","7.26","14,520.00","2025/09/19 09:31:26 (香港)","港股","HKD","6998","","","","","","","","","","","",""
"","","","","","","","","","","","","","","","","","","","","","2,000","7.26","14,520.00","2025/09/19 09:31:22 (香港)","港股","HKD","6998","","","","","","","","","","","",""
"","","","","","","","","","","","","","","","","","","","","","4,000","7.26","29,040.00","2025/09/19 09:31:13 (香港)","港股","HKD","6999","","","","","","","","","","","",""
"","","","","","","","","","","","","","","","","","","","","","2,000","7.26","14,520.00","2025/09/19 09:31:13 (香港)","港股","HKD","6997","","","","","","","","","","","",""
"","","","","","","","","","","","","","","","","","","","","","6,000","7.26","43,560.00","2025/09/19 09:30:03 (香港)","港股","HKD","6997","","","","","","","","","","","",""
"买入","06160","百济神州","200.00","100","20,000.00","全部成交","100@200.00","2025/09/18 12:55:35 (香港)","限价单","当日有效","允许","","","","港股","HKD","","","","","100","200.00","20,000.00","2025/09/18 14:05:21 (香港)","港股","HKD","3284","","6","15","0.84","20","1.13","0.54","0.03","","","","43.54"
"卖出","AAPL","苹果","244.80","100","24,480.00","全部成交","100@245.145","2025/09/17 15:12:43 (美东)","止损限价单","撤单前有效","","盘中","245.00","允许","美股","USD","","","","","100","245.145","24,514.50","2025/10/10 15:55:01 (美东)","美股","USD","","","1.99","0","0.3","","","","","","0.02","0","2.31"
"买入","AAPL","苹果","239.30","60","14,358.00","全部成交","60@239.2828","2025/09/17 15:10:56 (美东)","限价单","当日有效","","盘前+盘中+盘后","","","美股","USD","","","","","60","239.2828","14,356.97","2025/09/17 15:10:57 (美东)","美股","USD","","","1.99","0","0.18","","","","","","","0","2.17"
"买入","01888","建滔积层板","12.50","2,000","25,000.00","全部成交","2,000@12.50","2025/09/18 03:07:54 (香港)","限价单","撤单前有效","允许","","","","港股","HKD","","","","","2,000","12.50","25,000.00","2025/10/10 14:28:09 (香港)","港股","HKD","6998","","7.5","15","1.05","25","1.41","0.68","0.04","","","","50.68"
"卖出","09988","阿里巴巴-W","触及市价","1,000","0.00","已撤单","0@0.00","2025/09/17 16:11:25 (香港)","止损市价单","撤单前有效","","","155.00","","港股","HKD","","","","","","","","","","","","","","","","","","","","","","",""
"卖出","09988","阿里巴巴-W","185.00","2,000","370,000.00","已撤单","0@0.00","2025/09/17 16:11:25 (香港)","限价单","撤单前有效","不允许","","","","港股","HKD","","","","","","","","","","","","","","","","","","","","","","",""
"卖出","09988","阿里巴巴-W","触及市价","1,000","0.00","已撤单","0@0.00","2025/09/17 16:08:29 (香港)","止损市价单","当日有效","","","154.00","","港股","HKD","","","","","","","","","","","","","","","","","","","","","","",""
"卖出","09988","阿里巴巴-W","185.00","3,000","555,000.00","下单失败","0@0.00","2025/09/17 16:08:29 (香港)","限价单","当日有效","不允许","","","","港股","HKD","","","","","","","","","","","","","","","","","","","","","","",""
"卖出","09988","阿里巴巴-W","161.90","1,000","161,900.00","已撤单","0@0.00","2025/09/17 15:55:00 (香港)","限价单","当日有效","允许","","","","港股","HKD","","","","","","","","","","","","","","","","","","","","","","",""
"卖出","09988","阿里巴巴-W","161.70","800","129,360.00","全部成交","800@161.70","2025/09/17 15:42:13 (香港)","限价单","当日有效","允许","","","","港股","HKD","","","","","300","161.70","48,510.00","2025/09/17 15:50:17 (香港)","港股","HKD","5998","","38.81","15","5.44","131","7.3","3.5","0.19","","","","201.24"
"","","","","","","","","","","","","","","","","","","","","","100","161.70","16,170.00","2025/09/17 15:50:17 (香港)","港股","HKD","6431","","","","","","","","","","","",""
"","","","","","","","","","","","","","","","","","","","","","400","161.70","64,680.00","2025/09/17 15:50:16 (香港)","港股","HKD","7366","","","","","","","","","","","",""
"卖出","09988","阿里巴巴-W","165.00","800","132,000.00","已撤单","0@0.00","2025/09/17 13:51:23 (香港)","限价单","当日有效","允许","","","","港股","HKD","","","","","","","","","","","","","","","","","","","","","","",""
"卖出","00700","腾讯控股","662.00","200","132,400.00","全部成交","200@662.00","2025/09/17 13:50:44 (香港)","限价单","当日有效","允许","","","","港股","HKD","","","","","200","662.00","132,400.00","2025/09/17 15:47:59 (香港)","港股","HKD","2454","","39.72","15","5.56","133","7.48","3.57","0.2","","","","204.53"
"买入","RKLB","Rocket Lab","48.85","100","4,885.00","全部成交","100@48.82","2025/09/16 10:58:03 (美东)","限价单","当日有效","","盘中","","","美股","USD","","","","","100","48.82","4,882.00","2025/09/16 10:58:03 (美东)","美股","USD","","","1.99","0","0.3","","","","","","","0","2.29"
"卖出","NIO","蔚来","7.18","1,000","7,180.00","全部成交","1,000@7.2031","2025/09/15 10:07:15 (美东)","止损限价单","撤单前有效","","盘中","7.20","允许","美股","USD","","","","","1,000","7.2031","7,203.10","2025/09/17 10:28:05 (美东)","美股","USD","","","10","0","3","","","","","","0.17","0.03","13.2"
"卖出","AAPL","苹果","237.80","60","14,268.00","全部成交","60@237.9701","2025/09/12 09:34:31 (美东)","止损限价单","撤单前有效","","盘中","238.00","不允许","美股","USD","","","","","60","237.9701","14,278.21","2025/09/17 14:46:22 (美东)","美股","USD","","","1.99","0","0.18","","","","","","0.01","0","2.18"
"买入","09926","康方生物","130.00","1,000","130,000.00","已撤单","0@0.00","2025/09/12 11:37:41 (香港)","限价单","撤单前有效","允许","","","","港股","HKD","","","","","","","","","","","","","","","","","","","","","","",""
"买入","01888","建滔积层板","12.42","1,500","18,630.00","全部成交","1,500@12.42","2025/09/12 10:09:29 (香港)","限价单","当日有效","允许","","","","港股","HKD","","","","","1,500","12.42","18,630.00","2025/09/12 10:09:29 (香港)","港股","HKD","3079","","5.59","15","0.78","19","1.05","0.5","0.03","","","","41.95"
"卖出","02359","药明康德","110.00","900","99,000.00","已撤单","0@0.00","2025/09/12 10:03:05 (香港)","止损限价单","撤单前有效","","","110.00","允许","港股","HKD","","","","","","","","","","","","","","","","","","","","","","",""
"买入","00270","粤海投资","7.44","4,000","29,760.00","全部成交","4,000@7.44","2025/09/12 09:59:47 (香港)","限价单","当日有效","允许","","","","港股","HKD","","","","","2,000","7.44","14,880.00","2025/09/12 09:59:48 (香港)","港股","HKD","8730","","8.93","15","1.24","30","1.68","0.8","0.04","","","","57.69"
"","","","","","","","","","","","","","","","","","","","","","2,000","7.44","14,880.00","2025/09/12 09:59:48 (香港)","港股","HKD","6998","","","","","","","","","","","",""
"卖出","03690","美团-W","97.20","5,000","486,000.00","全部成交","5,000@97.20","2025/09/12 09:51:31 (香港)","限价单","当日有效","允许","","","","港股","HKD","","","","","5,000","97.20","486,000.00","2025/09/12 09:52:21 (香港)","港股","HKD","3530","","145.8","15","20.41","486","27.46","13.12","0.73","","","","708.52"
"卖出","09995","荣昌生物","109.50","500","54,750.00","全部成交","500@109.50","2025/09/12 09:32:44 (香港)","限价单","当日有效","允许","","","","港股","HKD","","","","","500","109.50","54,750.00","2025/09/12 09:32:44 (香港)","港股","HKD","8443","","16.43","15","2.3","55","3.09","1.48","0.08","","","","93.38"
"买入","09926","康方生物","128.00","1,000","128,000.00","已撤单","0@0.00","2025/09/12 09:21:47 (香港)","限价单","当日有效","允许","","","","港股","HKD","","","","","","","","","","","","","","","","","","","","","","",""
"买入","01276","恒瑞医药","80.00","1,000","80,000.00","已撤单","0@0.00","2025/09/11 09:39:46 (香港)","限价单","撤单前有效","允许","","","","港股","HKD","","","","","","","","","","","","","","","","","","","","","","",""
"买入","NIO","蔚来","5.20","500","2,600.00","已撤单","0@0.00","2025/09/10 08:45:13 (美东)","限价单","当日有效","","盘前+盘中+盘后","","","美股","USD","","","","","","","","","","","","","","","","","","","","","","",""
"买入","NIO","蔚来","5.76","500","2,880.00","全部成交","500@5.7597","2025/09/10 08:41:53 (美东)","限价单","当日有效","","盘前+盘中+盘后","","","美股","USD","","","","","500","5.7597","2,879.85","2025/09/10 08:44:35 (美东)","美股","USD","","","5","0","1.5","","","","","","","0.01","6.51"
"买入","00270","粤海投资","7.10","4,000","28,400.00","已撤单","0@0.00","2025/09/10 14:55:55 (香港)","限价单","撤单前有效","允许","","","","港股","HKD","","","","","","","","","","","","","","","","","","","","","","",""
"买入","00270","粤海投资","7.34","2,000","14,680.00","全部成交","2,000@7.34","2025/09/10 14:46:48 (香港)","限价单","当日有效","允许","","","","港股","HKD","","","","","2,000","7.34","14,680.00","2025/09/10 14:46:48 (香港)","港股","HKD","8944","","4.4","15","0.62","15","0.83","0.4","0.02","","","","36.27"
"卖出","AAPL","苹果","224.80","80","17,984.00","已撤单","0@0.00","2025/09/09 12:00:40 (美东)","止损限价单","撤单前有效","","盘中","225.00","允许","美股","USD","","","","","","","","","","","","","","","","","","","","","","",""
"卖出","AAPL","苹果","触及市价","80","0.00","已撤单","0@0.00","2025/09/09 11:59:27 (美东)","止损市价单","撤单前有效","","盘中","225.00","允许","美股","USD","","","","","","","","","","","","","","","","","","","","","","",""
"买入","NIO","蔚来","6.00","700","4,200.00","已撤单","0@0.00","2025/09/09 11:07:57 (美东)","限价单","撤单前有效","","盘中","","","美股","USD","","","","","","","","","","","","","","","","","","","","","","",""
"买入","01276","恒瑞医药","81.00","600","48,600.00","全部成交","600@80.00","2025/09/09 12:51:36 (香港)","限价单","撤单前有效","允许","","","","港股","HKD","","","","","600","80.00","48,000.00","2025/09/11 09:20:01 (香港)","港股","HKD","757","","14.4","15","2.02","48","2.71","1.3","0.07","","","","83.5"
"买入","01276","恒瑞医药","78.00","1,000","78,000.00","全部成交","1,000@78.00","2025/09/09 12:49:17 (香港)","限价单","撤单前有效","允许","","","","港股","HKD","","","","","1,000","78.00","78,000.00","2025/09/11 09:30:28 (香港)","港股","HKD","6389","","23.4","15","3.28","78","4.41","2.11","0.12","","","","126.32"
"卖出","FTNT","飞塔信息","79.80","70","5,586.00","已撤单","0@0.00","2025/09/08 12:22:40 (美东)","止损限价单","撤单前有效","","盘中","80.00","允许","美股","USD","","","","","","","","","","","","","","","","","","","","","","",""
"卖出","COST","好市多","935.00","10","9,350.00","已撤单","0@0.00","2025/09/08 12:21:36 (美东)","止损限价单","撤单前有效","","盘中","935.00","允许","美股","USD","","","","","","","","","","","","","","","","","","","","","","",""
"买入","UNH","联合健康","338.00","30","10,140.00","已撤单","0@0.00","2025/09/08 12:20:25 (美东)","限价单","撤单前有效","","盘前+盘中+盘后","","","美股","USD","","","","","","","","","","","","","","","","","","","","","","",""
"买入","TSLA","特斯拉","351.31","10","3,513.10","全部成交","10@351.31","2025/09/08 09:47:41 (美东)","限价单","当日有效","","盘前+盘中+盘后","","","美股","USD","","","","","10","351.31","3,513.10","2025/09/08 09:47:54 (美东)","美股","USD","","","1.99","0","0.03","","","","","","","0","2.02"
"买入","06160","百济神州","205.60","100","20,560.00","全部成交","100@205.60","2025/09/08 10:02:24 (香港)","限价单","当日有效","允许","","","","港股","HKD","","","","","100","205.60","20,560.00","2025/09/08 10:02:25 (香港)","港股","HKD","8503","","6.17","15","0.86","21","1.16","0.56","0.03","","","","44.78"
"买入","06160","百济神州","189.00","300","56,700.00","全部成交","300@188.80","2025/09/08 09:49:32 (香港)","限价单","撤单前有效","允许","","","","港股","HKD","","","","","300","188.80","56,640.00","2025/09/11 09:20:01 (香港)","港股","HKD","3286","","16.99","15","2.38","57","3.2","1.53","0.08","","","","96.18"
"买入","META","Meta Platforms","718.00","10","7,180.00","全部成交","10@718.00","2025/09/05 23:18:57 (美东)","限价单","撤单前有效","","盘中","","","美股","USD","","","","","10","718.00","7,180.00","2025/10/01 09:30:10 (美东)","美股","USD","","","1.99","0","0.03","","","","","","","0","2.02"
"买入","TSLA","特斯拉","340.00","20","6,800.00","已撤单","0@0.00","2025/09/05 23:17:20 (美东)","限价单","撤单前有效","","盘中","","","美股","USD","","","","","","","","","","","","","","","","","","","","","","",""
"买入","AMD","美国超微公司","137.00","50","6,850.00","已撤单","0@0.00","2025/09/05 23:01:40 (美东)","限价单","撤单前有效","","盘中","","","美股","USD","","","","","","","","","","","","","","","","","","","","","","",""
"卖出","GOOG","谷歌-C","239.80","50","11,990.00","全部成交","50@240.03","2025/09/05 22:54:03 (美东)","止损限价单","撤单前有效","","盘中","240.00","允许","美股","USD","","","","","50","240.03","12,001.50","2025/09/30 09:38:22 (美东)","美股","USD","","","1.99","0","0.15","","","","","","0.01","0","2.15"
"买入","AMD","美国超微公司","153.00","20","3,060.00","全部成交","20@153.00","2025/09/05 11:42:51 (美东)","限价单","当日有效","","盘中","","","美股","USD","","","","","20","153.00","3,060.00","2025/09/05 11:43:19 (美东)","美股","USD","","","1.99","0","0.06","","","","","","","0","2.05"
"卖出","HIMS","Hims & Hers Health","50.00","100","5,000.00","全部成交","100@50.00","2025/09/04 08:28:05 (美东)","止损限价单","撤单前有效","","盘中","50.00","允许","美股","USD","","","","","100","50.00","5,000.00","2025/09/16 10:44:50 (美东)","美股","USD","","","1.99","0","0.3","","","","","","0.02","0","2.31"
"买入","RKLB","Rocket Lab","44.29","50","2,214.50","全部成交","50@44.0936","2025/09/04 08:23:46 (美东)","限价单","当日有效","","盘中","","","美股","USD","","","","","50","44.0936","2,204.68","2025/09/04 09:30:18 (美东)","美股","USD","","","1.99","0","0.15","","","","","","","0","2.14"
"买入","06160","百济神州","188.00","200","37,600.00","已撤单","0@0.00","2025/09/04 10:36:11 (香港)","限价单","撤单前有效","允许","","","","港股","HKD","","","","","","","","","","","","","","","","","","","","","","",""
"买入","01276","恒瑞医药","79.00","600","47,400.00","已撤单","0@0.00","2025/09/04 10:34:25 (香港)","限价单","撤单前有效","允许","","","","港股","HKD","","","","","","","","","","","","","","","","","","","","","","",""
"买入","AAPL","苹果","236.00","10","2,360.00","全部成交","10@236.00","2025/09/03 11:04:27 (美东)","限价单","撤单前有效","","盘中","","","美股","USD","","","","","10","236.00","2,360.00","2025/09/03 11:21:53 (美东)","美股","USD","","","1.99","0","0.03","","","","","","","0","2.02"
"买入","00270","粤海投资","7.42","2,000","14,840.00","全部成交","2,000@7.42","2025/09/03 10:51:07 (香港)","限价单","当日有效","允许","","","","港股","HKD","","","","","2,000","7.42","14,840.00","2025/09/03 10:51:07 (香港)","港股","HKD","2310","","4.45","15","0.62","15","0.84","0.4","0.02","","","","36.33"
"买入","06160","百济神州","205.20","200","41,040.00","全部成交","200@205.20","2025/09/03 10:48:31 (香港)","限价单","当日有效","允许","","","","港股","HKD","","","","","200","205.20","41,040.00","2025/09/03 10:48:31 (香港)","港股","HKD","2044","","12.31","30","1.72","42","2.32","1.11","0.06","","","","89.52"
"买入","06160","百济神州","204.80","200","40,960.00","已撤单","0@0.00","2025/09/03 10:48:05 (香港)","限价单","当日有效","允许","","","","港股","HKD","","","","","","","","","","","","","","","","","","","","","","",""
"卖出","01698","腾讯音乐-SW","95.20","100","9,520.00","全部成交","100@95.20","2025/09/03 10:46:06 (香港)","限价单","当日有效","允许","","","","港股","HKD","","","","","100","95.20","9,520.00","2025/09/03 10:50:30 (香港)","港股","HKD","3448","","3","15","0.4","10","0.54","0.26","0.01","","","","29.21"
"买入","01888","建滔积层板","11.84","500","5,920.00","全部成交","500@11.84","2025/09/03 08:37:55 (香港)","限价单","当日有效","允许","","","","港股","HKD","","","","","500","11.84","5,920.00","2025/09/03 09:20:08 (香港)","港股","HKD","4030","","3","30","0.25","6","0.33","0.16","0.01","","","","39.75"
"买入","01888","建滔积层板","11.84","500","5,920.00","已撤单","0@0.00","2025/09/03 08:36:58 (香港)","限价单","当日有效","允许","","","","港股","HKD","","","","","","","","","","","","","","","","","","","","","","",""
"卖出","NBIS","NEBIUS","65.66","25","1,641.50","全部成交","25@65.66","2025/09/02 10:26:46 (美东)","限价单","当日有效","","盘前+盘中+盘后","","","美股","USD","","","","","25","65.66","1,641.50","2025/09/02 10:26:49 (美东)","美股","USD","","","1.99","0","0.08","","","","","","0.01","0","2.08"
"买入","UNH","联合健康","312.45","10","3,124.50","全部成交","10@312.44","2025/09/02 10:19:18 (美东)","限价单","当日有效","","盘前+盘中+盘后","","","美股","USD","","","","","10","312.44","3,124.40","2025/09/02 10:19:18 (美东)","美股","USD","","","1.99","0","0.03","","","","","","","0","2.02"
"买入","NIO","蔚来","5.30","3,000","15,900.00","已撤单","0@0.00","2025/09/02 06:07:41 (美东)","限价单","当日有效","","盘中","","","美股","USD","","","","","","","","","","","","","","","","","","","","","","",""
"买入","NIO","蔚来","5.30","1,000","5,300.00","已撤单","0@0.00","2025/09/02 06:03:52 (美东)","限价单","撤单前有效","","盘前+盘中+盘后","","","美股","USD","","","","","","","","","","","","","","","","","","","","","","",""
"买入","01276","恒瑞医药","72.00","1,000","72,000.00","已撤单","0@0.00","2025/09/02 15:43:39 (香港)","限价单","撤单前有效","允许","","","","港股","HKD","","","","","","","","","","","","","","","","","","","","","","",""
"买入","01276","恒瑞医药","80.00","600","48,000.00","全部成交","600@80.00","2025/09/02 09:32:05 (香港)","限价单","当日有效","允许","","","","港股","HKD","","","","","600","80.00","48,000.00","2025/09/02 09:32:47 (香港)","港股","HKD","4487","","14.4","30","2.02","48","2.71","1.3","0.07","","","","98.5"
"买入","03690","美团-W","100.00","500","50,000.00","全部成交","500@100.00","2025/09/01 09:51:12 (香港)","限价单","当日有效","允许","","","","港股","HKD","","","","","500","100.00","50,000.00","2025/09/01 09:52:57 (香港)","港股","HKD","9064","","15","30","2.1","50","2.83","1.35","0.08","","","","101.36"
"买入","03690","美团-W","99.00","500","49,500.00","全部成交","500@99.00","2025/09/01 09:37:06 (香港)","限价单","当日有效","允许","","","","港股","HKD","","","","","500","99.00","49,500.00","2025/09/01 09:38:01 (香港)","港股","HKD","6997","","14.85","30","2.08","50","2.8","1.34","0.07","","","","101.14"
"买入","MRVL","迈威尔科技","62.00","80","4,960.00","已撤单","0@0.00","2025/08/30 11:50:58 (美东)","限价单","撤单前有效","","盘中","","","美股","USD","","","","","","","","","","","","","","","","","","","","","","",""
"买入","09988","阿里巴巴-W","130.00","1,000","130,000.00","已撤单","0@0.00","2025/08/30 01:11:20 (香港)","限价单","撤单前有效","允许","","","","港股","HKD","","","","","","","","","","","","","","","","","","","","","","",""
"买入","09988","阿里巴巴-W","125.00","1,000","125,000.00","已撤单","0@0.00","2025/08/30 01:11:15 (香港)","限价单","撤单前有效","允许","","","","港股","HKD","","","","","","","","","","","","","","","","","","","","","","",""
"买入","09988","阿里巴巴-W","128.00","1,000","128,000.00","已撤单","0@0.00","2025/08/30 01:11:09 (香港)","限价单","撤单前有效","允许","","","","港股","HKD","","","","","","","","","","","","","","","","","","","","","","",""
"买入","META","Meta Platforms","695.00","20","13,900.00","已撤单","0@0.00","2025/08/29 10:06:48 (美东)","限价单","撤单前有效","","盘中","","","美股","USD","","","","","","","","","","","","","","","","","","","","","","",""
"买入","AMD","美国超微公司","162.00","30","4,860.00","全部成交","30@162.00","2025/08/29 09:36:17 (美东)","限价单","撤单前有效","","盘中","","","美股","USD","","","","","30","162.00","4,860.00","2025/08/29 10:12:12 (美东)","美股","USD","","","1.99","0","0.09","","","","","","","0","2.08"
"买入","06160","百济神州","175.00","300","52,500.00","已撤单","0@0.00","2025/08/29 10:36:43 (香港)","限价单","撤单前有效","允许","","","","港股","HKD","","","","","","","","","","","","","","","","","","","","","","",""
"买入","06160","百济神州","182.30","300","54,690.00","全部成交","300@182.30","2025/08/29 10:26:10 (香港)","限价单","当日有效","允许","","","","港股","HKD","","","","","100","182.30","18,230.00","2025/08/29 10:26:14 (香港)","港股","HKD","6999","","16.41","10","2.3","56","3.09","1.47","0.08","","","","89.35"
"","","","","","","","","","","","","","","","","","","","","","200","182.30","36,460.00","2025/08/29 10:26:12 (香港)","港股","HKD","5999","","","","","","","","","","","",""
"买入","01276","恒瑞医药","75.15","600","45,090.00","全部成交","600@75.15","2025/08/29 10:24:23 (香港)","限价单","当日有效","允许","","","","港股","HKD","","","","","600","75.15","45,090.00","2025/08/29 10:24:23 (香港)","港股","HKD","1291","","13.53","10","1.89","46","2.55","1.22","0.07","","","","75.26"
"买入","META","Meta Platforms","750.52","5","3,752.60","全部成交","5@750.40","2025/08/28 11:11:14 (美东)","限价单","当日有效","","盘前+盘中+盘后","","","美股","USD","","","","","5","750.40","3,752.00","2025/08/28 11:11:14 (美东)","美股","USD","","","1.99","0","0.02","","","","","","","0","2.01"
"买入","AMD","美国超微公司","167.61","50","8,380.50","全部成交","50@167.61","2025/08/28 11:09:26 (美东)","限价单","当日有效","","盘前+盘中+盘后","","","美股","USD","","","","","50","167.61","8,380.50","2025/08/28 11:09:26 (美东)","美股","USD","","","1.99","0","0.15","","","","","","","0","2.14"
"买入","RKLB","Rocket Lab","45.00","100","4,500.00","已撤单","0@0.00","2025/08/28 07:35:52 (美东)","限价单","撤单前有效","","盘中","","","美股","USD","","","","","","","","","","","","","","","","","","","","","","",""
"卖出","01066","威高股份","市价","13,600","78,472.00","全部成交","13,600@5.77","2025/08/28 10:27:16 (香港)","市价单","当日有效","","","","","港股","HKD","","","","","6,400","5.77","36,928.00","2025/08/28 10:27:16 (香港)","港股","HKD","6998","","23.54","10","3.29","81","4.43","2.11","0.12","","","","124.49"
"","","","","","","","","","","","","","","","","","","","","","400","5.77","2,308.00","2025/08/28 10:27:16 (香港)","港股","HKD","6996","","","","","","","","","","","",""
"","","","","","","","","","","","","","","","","","","","","","2,000","5.77","11,540.00","2025/08/28 10:27:16 (香港)","港股","HKD","8738","","","","","","","","","","","",""
"","","","","","","","","","","","","","","","","","","","","","800","5.77","4,616.00","2025/08/28 10:27:16 (香港)","港股","HKD","3187","","","","","","","","","","","",""
"","","","","","","","","","","","","","","","","","","","","","4,000","5.77","23,080.00","2025/08/28 10:27:16 (香港)","港股","HKD","6997","","","","","","","","","","","",""
"卖出","01066","威高股份","5.82","20,000","116,400.00","全部成交","20,000@5.82","2025/08/28 10:09:19 (香港)","限价单","当日有效","允许","","","","港股","HKD","","","","","1,600","5.82","9,312.00","2025/08/28 10:09:43 (香港)","港股","HKD","6996","","34.92","10","4.9","119","6.58","3.14","0.18","","","","178.72"
"","","","","","","","","","","","","","","","","","","","","","1,200","5.82","6,984.00","2025/08/28 10:09:43 (香港)","港股","HKD","3187","","","","","","","","","","","",""
"","","","","","","","","","","","","","","","","","","","","","8,000","5.82","46,560.00","2025/08/28 10:09:43 (香港)","港股","HKD","2087","","","","","","","","","","","",""
"","","","","","","","","","","","","","","","","","","","","","2,000","5.82","11,640.00","2025/08/28 10:09:43 (香港)","港股","HKD","6999","","","","","","","","","","","",""
"","","","","","","","","","","","","","","","","","","","","","2,000","5.82","11,640.00","2025/08/28 10:09:43 (香港)","港股","HKD","6996","","","","","","","","","","","",""
"","","","","","","","","","","","","","","","","","","","","","4,400","5.82","25,608.00","2025/08/28 10:09:43 (香港)","港股","HKD","6997","","","","","","","","","","","",""
"","","","","","","","","","","","","","","","","","","","","","800","5.82","4,656.00","2025/08/28 10:09:43 (香港)","港股","HKD","8738","","","","","","","","","","","",""
"买入","01810","小米集团-W","54.55","600","32,730.00","全部成交","600@54.55","2025/08/27 09:43:08 (香港)","限价单","当日有效","允许","","","","港股","HKD","","","","","600","54.55","32,730.00","2025/08/27 09:43:08 (香港)","港股","HKD","5999","","9.82","10","1.37","33","1.85","0.88","0.05","","","","56.97"
"买入","HIMS","Hims & Hers Health","44.15","100","4,415.00","全部成交","100@44.1494","2025/08/26 10:43:34 (美东)","限价单","当日有效","","盘前+盘中+盘后","","","美股","USD","","","","","100","44.1494","4,414.94","2025/08/26 10:43:34 (美东)","美股","USD","","","1.99","0","0.3","","","","","","","0","2.29"
"买入","01066","威高股份","6.20","16,000","99,200.00","已撤单","0@0.00","2025/08/26 15:25:14 (香港)","限价单","撤单前有效","允许","","","","港股","HKD","","","","","","","","","","","","","","","","","","","","","","",""
"卖出","NIO","蔚来","6.20","1,500","9,300.00","全部成交","1,500@6.2046","2025/08/25 10:23:28 (美东)","止损限价单","撤单前有效","","盘中","6.20","不允许","美股","USD","","","","","831","6.2044","5,155.86","2025/08/25 12:34:40 (美东)","美股","USD","","","15","0","4.5","","","","","","0.26","0.06","19.82"
"","","","","","","","","","","","","","","","","","","","","","169","6.2044","1,048.54","2025/08/25 12:34:40 (美东)","美股","USD","","","","","","","","","","","","",""
"","","","","","","","","","","","","","","","","","","","","","200","6.205","1,241.00","2025/08/25 12:34:40 (美东)","美股","USD","","","","","","","","","","","","",""
"","","","","","","","","","","","","","","","","","","","","","100","6.205","620.50","2025/08/25 12:34:40 (美东)","美股","USD","","","","","","","","","","","","",""
"","","","","","","","","","","","","","","","","","","","","","100","6.205","620.50","2025/08/25 12:34:40 (美东)","美股","USD","","","","","","","","","","","","",""
"","","","","","","","","","","","","","","","","","","","","","100","6.205","620.50","2025/08/25 12:34:40 (美东)","美股","USD","","","","","","","","","","","","",""
"卖出","NIO","蔚来","7.25","2,000","14,500.00","已撤单","0@0.00","2025/08/25 10:23:28 (美东)","限价单","撤单前有效","","盘中","","","美股","USD","","","","","","","","","","","","","","","","","","","","","","",""
"买入","PLTR","Palantir","130.00","80","10,400.00","已撤单","0@0.00","2025/08/25 09:51:55 (美东)","限价单","撤单前有效","","盘前+盘中+盘后","","","美股","USD","","","","","","","","","","","","","","","","","","","","","","",""
"卖出","NIO","蔚来","触及市价","1,500","0.00","已撤单","0@0.00","2025/08/25 07:23:30 (美东)","止损市价单","撤单前有效","","盘中","6.20","不允许","美股","USD","","","","","","","","","","","","","","","","","","","","","","",""
"卖出","NIO","蔚来","7.50","2,000","15,000.00","已撤单","0@0.00","2025/08/25 07:23:30 (美东)","限价单","撤单前有效","","盘中","","","美股","USD","","","","","","","","","","","","","","","","","","","","","","",""
"卖出","NIO","蔚来","6.10","2,000","12,200.00","已撤单","0@0.00","2025/08/22 12:32:43 (美东)","止损限价单","当日有效","","盘中","6.10","不允许","美股","USD","","","","","","","","","","","","","","","","","","","","","","",""
"卖出","NIO","蔚来","7.20","1,500","10,800.00","已撤单","0@0.00","2025/08/22 12:32:43 (美东)","限价单","当日有效","","盘中","","","美股","USD","","","","","","","","","","","","","","","","","","","","","","",""
"买入","FTNT","飞塔信息","77.00","20","1,540.00","全部成交","20@75.4181","2025/08/22 11:45:55 (美东)","限价单","撤单前有效","","盘中","","","美股","USD","","","","","20","75.4181","1,508.36","2025/09/02 09:30:10 (美东)","美股","USD","","","1.99","0","0.06","","","","","","","0","2.05"
"买入","FTNT","飞塔信息","80.24","15","1,203.60","全部成交","15@80.24","2025/08/22 11:45:12 (美东)","限价单","当日有效","","盘前+盘中+盘后","","","美股","USD","","","","","15","80.24","1,203.60","2025/08/22 11:45:14 (美东)","美股","USD","","","1.99","0","0.05","","","","","","","0","2.04"
"买入","FTNT","飞塔信息","80.21","20","1,604.20","全部成交","20@80.21","2025/08/22 11:43:20 (美东)","限价单","当日有效","","盘前+盘中+盘后","","","美股","USD","","","","","20","80.21","1,604.20","2025/08/22 11:43:29 (美东)","美股","USD","","","1.99","0","0.06","","","","","","","0","2.05"
"卖出","NIO","蔚来","6.00","2,000","12,000.00","已撤单","0@0.00","2025/08/22 11:30:30 (美东)","止损限价单","撤单前有效","","盘中","6.01","允许","美股","USD","","","","","","","","","","","","","","","","","","","","","","",""
"买入","UNH","联合健康","304.00","10","3,040.00","全部成交","10@304.00","2025/08/21 10:21:53 (美东)","限价单","当日有效","","盘前+盘中+盘后","","","美股","USD","","","","","10","304.00","3,040.00","2025/08/21 10:22:01 (美东)","美股","USD","","","1.99","0","0.03","","","","","","","0","2.02"
"买入","UNH","联合健康","303.24","10","3,032.40","已撤单","0@0.00","2025/08/21 10:20:40 (美东)","限价单","当日有效","","盘前+盘中+盘后","","","美股","USD","","","","","","","","","","","","","","","","","","","","","","",""
"买入","09988","阿里巴巴-W","115.20","300","34,560.00","全部成交","300@115.20","2025/08/21 14:47:17 (香港)","限价单","当日有效","允许","","","","港股","HKD","","","","","300","115.20","34,560.00","2025/08/21 14:50:14 (香港)","港股","HKD","5999","","10.37","10","1.45","35","1.95","0.93","0.05","","","","59.75"
"买入","01066","威高股份","6.20","10,000","62,000.00","已撤单","0@0.00","2025/08/21 11:23:34 (香港)","限价单","撤单前有效","允许","","","","港股","HKD","","","","","","","","","","","","","","","","","","","","","","",""
"买入","NIO","蔚来","4.80","1,000","4,800.00","已撤单","0@0.00","2025/08/20 12:41:19 (美东)","限价单","当日有效","","盘前+盘中+盘后","","","美股","USD","","","","","","","","","","","","","","","","","","","","","","",""
"买入","NIO","蔚来","5.08","500","2,540.00","全部成交","500@5.08","2025/08/20 12:29:21 (美东)","限价单","当日有效","","盘前+盘中+盘后","","","美股","USD","","","","","500","5.08","2,540.00","2025/08/20 12:33:44 (美东)","美股","USD","","","5","0","1.5","","","","","","","0.02","6.52"
"买入","NIO","蔚来","4.99","1,000","4,990.00","全部成交","1,000@4.99","2025/08/20 10:51:57 (美东)","限价单","当日有效","","盘前+盘中+盘后","","","美股","USD","","","","","1,000","4.99","4,990.00","2025/08/20 10:51:57 (美东)","美股","USD","","","10","0","3","","","","","","","0.05","13.05"
"买入","NIO","蔚来","5.00","500","2,500.00","已撤单","0@0.00","2025/08/20 10:39:46 (美东)","限价单","当日有效","","盘前+盘中+盘后","","","美股","USD","","","","","","","","","","","","","","","","","","","","","","",""
"买入","NIO","蔚来","5.00","1,000","5,000.00","全部成交","1,000@5.00","2025/08/20 10:38:53 (美东)","限价单","当日有效","","盘中","","","美股","USD","","","","","1,000","5.00","5,000.00","2025/08/20 10:40:33 (美东)","美股","USD","","","10","0","3","","","","","","","0.05","13.05"
"卖出","00175","吉利汽车","18.90","12,000","226,800.00","已撤单","0@0.00","2025/08/20 16:03:52 (香港)","止损限价单","撤单前有效","","","18.90","允许","港股","HKD","","","","","","","","","","","","","","","","","","","","","","",""
"卖出","01810","小米集团-W","49.50","6,000","297,000.00","已撤单","0@0.00","2025/08/20 14:45:35 (香港)","止损限价单","撤单前有效","","","49.50","允许","港股","HKD","","","","","","","","","","","","","","","","","","","","","","",""
"买入","09988","阿里巴巴-W","110.00","2,000","220,000.00","已撤单","0@0.00","2025/08/20 09:52:12 (香港)","限价单","撤单前有效","允许","","","","港股","HKD","","","","","","","","","","","","","","","","","","","","","","",""
"买入","09988","阿里巴巴-W","116.70","200","23,340.00","全部成交","200@116.70","2025/08/20 09:46:13 (香港)","限价单","当日有效","允许","","","","港股","HKD","","","","","200","116.70","23,340.00","2025/08/20 09:46:16 (香港)","港股","HKD","5998","","7","15","0.98","24","1.32","0.63","0.04","","","","48.97"
"买入","UNH","联合健康","290.00","10","2,900.00","已撤单","0@0.00","2025/08/19 12:17:14 (美东)","限价单","撤单前有效","","盘中","","","美股","USD","","","","","","","","","","","","","","","","","","","","","","",""
"买入","UNH","联合健康","304.58","4","1,218.32","全部成交","4@304.58","2025/08/19 10:01:15 (美东)","限价单","当日有效","","盘前+盘中+盘后","","","美股","USD","","","","","4","304.58","1,218.32","2025/08/19 10:02:06 (美东)","美股","USD","","","1.99","0","0.01","","","","","","","0","2"
"买入","UNH","联合健康","298.00","10","2,980.00","已撤单","0@0.00","2025/08/19 10:00:22 (美东)","限价单","撤单前有效","","盘中","","","美股","USD","","","","","","","","","","","","","","","","","","","","","","",""
"买入","COST","好市多","987.54","3","2,962.62","全部成交","3@987.54","2025/08/19 09:59:17 (美东)","限价单","当日有效","","盘前+盘中+盘后","","","美股","USD","","","","","3","987.54","2,962.62","2025/08/19 09:59:17 (美东)","美股","USD","","","1.99","0","0.01","","","","","","","0","2"
"买入","09995","荣昌生物","68.00","1,000","68,000.00","已撤单","0@0.00","2025/08/19 16:31:12 (香港)","限价单","撤单前有效","允许","","","","港股","HKD","","","","","","","","","","","","","","","","","","","","","","",""
"买入","01066","威高股份","6.70","10,000","67,000.00","全部成交","10,000@6.70","2025/08/19 15:33:56 (香港)","限价单","撤单前有效","允许","","","","港股","HKD","","","","","2,400","6.70","16,080.00","2025/08/20 11:25:29 (香港)","港股","HKD","6999","","20.1","15","2.82","68","3.79","1.8","0.1","","","","111.61"
"","","","","","","","","","","","","","","","","","","","","","7,600","6.70","50,920.00","2025/08/20 11:25:29 (香港)","港股","HKD","6999","","","","","","","","","","","",""
"买入","09988","阿里巴巴-W","118.00","500","59,000.00","全部成交","500@118.00","2025/08/19 10:31:06 (香港)","限价单","撤单前有效","允许","","","","港股","HKD","","","","","500","118.00","59,000.00","2025/08/19 13:05:31 (香港)","港股","HKD","5998","","17.7","15","2.48","59","3.33","1.59","0.09","","","","99.19"
"买入","09988","阿里巴巴-W","116.00","1,000","116,000.00","已撤单","0@0.00","2025/08/19 09:32:05 (香港)","限价单","当日有效","允许","","","","港股","HKD","","","","","","","","","","","","","","","","","","","","","","",""
"买入","UNH","联合健康","314.87","5","1,574.35","全部成交","5@314.87","2025/08/18 11:24:44 (美东)","限价单","当日有效","","盘前+盘中+盘后","","","美股","USD","","","","","5","314.87","1,574.35","2025/08/18 11:24:45 (美东)","美股","USD","","","1.99","0","0.02","","","","","","","0","2.01"
"买入","09988","阿里巴巴-W","119.50","300","35,850.00","全部成交","300@119.50","2025/08/18 10:26:39 (香港)","限价单","当日有效","允许","","","","港股","HKD","","","","","300","119.50","35,850.00","2025/08/18 10:29:33 (香港)","港股","HKD","6999","","10.76","15","1.51","36","2.03","0.97","0.05","","","","66.32"
"买入","09988","阿里巴巴-W","119.80","200","23,960.00","全部成交","200@119.80","2025/08/18 10:25:53 (香港)","限价单","当日有效","允许","","","","港股","HKD","","","","","200","119.80","23,960.00","2025/08/18 10:26:14 (香港)","港股","HKD","2311","","7.19","15","1.01","24","1.35","0.65","0.04","","","","49.24"
"买入","09988","阿里巴巴-W","118.80","300","35,640.00","全部成交","300@118.80","2025/08/18 09:45:00 (香港)","限价单","当日有效","允许","","","","港股","HKD","","","","","300","118.80","35,640.00","2025/08/18 10:53:08 (香港)","港股","HKD","9068","","10.69","15","1.5","36","2.01","0.96","0.05","","","","66.21"
"买入","09988","阿里巴巴-W","116.00","1,000","116,000.00","已撤单","0@0.00","2025/08/18 00:59:37 (香港)","限价单","当日有效","允许","","","","港股","HKD","","","","","","","","","","","","","","","","","","","","","","",""
"买入","09988","阿里巴巴-W","117.00","500","58,500.00","已撤单","0@0.00","2025/08/18 00:59:27 (香港)","限价单","当日有效","允许","","","","港股","HKD","","","","","","","","","","","","","","","","","","","","","","",""
"买入","09988","阿里巴巴-W","118.00","500","59,000.00","已撤单","0@0.00","2025/08/18 00:59:21 (香港)","限价单","当日有效","允许","","","","港股","HKD","","","","","","","","","","","","","","","","","","","","","","",""
"买入","09988","阿里巴巴-W","117.00","500","58,500.00","下单失败","0@0.00","2025/08/18 00:54:33 (香港)","时间加权算法单","当日有效","","","","","港股","HKD","","","2025/08/18 09:30:00 (香港)","2025/08/18 16:00:00 (香港)","","","","","","","","","","","","","","","","","","",""
"买入","09988","阿里巴巴-W","115.00","2,000","230,000.00","已撤单","0@0.00","2025/08/18 00:25:55 (香港)","限价单","撤单前有效","允许","","","","港股","HKD","","","","","","","","","","","","","","","","","","","","","","",""
"买入","UNH","联合健康","300.00","30","9,000.00","已撤单","0@0.00","2025/08/15 12:23:52 (美东)","限价单","撤单前有效","","盘中","","","美股","USD","","","","","","","","","","","","","","","","","","","","","","",""
"买入","UNH","联合健康","308.25","1","308.25","全部成交","1@308.25","2025/08/15 12:22:52 (美东)","限价单","当日有效","","盘中","","","美股","USD","","","","","1","308.25","308.25","2025/08/15 12:54:05 (美东)","美股","USD","","","1.99","0","0","","","","","","","0","1.99"
"买入","CRCL","Circle","105.00","100","10,500.00","已撤单","0@0.00","2025/08/15 12:12:49 (美东)","限价单","撤单前有效","","盘前+盘中+盘后","","","美股","USD","","","","","","","","","","","","","","","","","","","","","","",""
"买入","CRCL","Circle","147.23","2","294.46","全部成交","2@147.155","2025/08/15 12:08:17 (美东)","限价单","当日有效","","盘前+盘中+盘后","","","美股","USD","","","","","2","147.155","294.31","2025/08/15 12:08:17 (美东)","美股","USD","","","1.99","0","0.01","","","","","","","0","2"
"买入","09988","阿里巴巴-W","117.00","500","58,500.00","已撤单","0@0.00","2025/08/15 09:39:09 (香港)","限价单","当日有效","允许","","","","港股","HKD","","","","","","","","","","","","","","","","","","","","","","",""
"买入","09988","阿里巴巴-W","117.00","500","58,500.00","已撤单","0@0.00","2025/08/15 09:38:20 (香港)","限价单","撤单前有效","允许","","","","港股","HKD","","","","","","","","","","","","","","","","","","","","","","",""
"买入","09988","阿里巴巴-W","115.00","1,000","115,000.00","已撤单","0@0.00","2025/08/15 09:31:24 (香港)","限价单","当日有效","允许","","","","港股","HKD","","","","","","","","","","","","","","","","","","","","","","",""
"买入","FTNT","飞塔信息","77.98","15","1,169.70","全部成交","15@77.9548","2025/08/14 11:26:55 (美东)","限价单","当日有效","","盘中","","","美股","USD","","","","","15","77.9548","1,169.32","2025/08/14 11:26:55 (美东)","美股","USD","","","1.99","0","0.05","","","","","","","0","2.04"
"卖出","RCAT","Red Cat Holdings","9.08","100","908.00","全部成交","100@9.0802","2025/08/14 11:26:18 (美东)","限价单","当日有效","","盘前+盘中+盘后","","","美股","USD","","","","","100","9.0802","908.02","2025/08/14 11:26:18 (美东)","美股","USD","","","1.99","0","0.3","","","","","","0.02","0","2.31"
"卖出","AMD","美国超微公司","170.00","50","8,500.00","全部成交","50@170.00","2025/08/14 11:25:20 (美东)","止损限价单","撤单前有效","","盘中","170.00","允许","美股","USD","","","","","50","170.00","8,500.00","2025/08/19 09:33:44 (美东)","美股","USD","","","1.99","0","0.15","","","","","","0.01","0","2.15"
"卖出","OKLO","Oklo Inc","73.10","2","146.20","全部成交","2@73.10","2025/08/14 11:24:09 (美东)","限价单","当日有效","","盘前+盘中+盘后","","","美股","USD","","","","","2","73.10","146.20","2025/08/14 11:24:16 (美东)","美股","USD","","","1.99","0","0.01","","","","","","0.01","0","2.01"
"卖出","PLTR","Palantir","183.07","1","183.07","全部成交","1@183.07","2025/08/14 11:23:39 (美东)","限价单","当日有效","","盘前+盘中+盘后","","","美股","USD","","","","","1","183.07","183.07","2025/08/14 11:23:44 (美东)","美股","USD","","","1.99","0","0","","","","","","0.01","0","2"
"卖出","NVDA","英伟达","181.82","1","181.82","全部成交","1@181.82","2025/08/14 11:23:25 (美东)","限价单","当日有效","","盘前+盘中+盘后","","","美股","USD","","","","","1","181.82","181.82","2025/08/14 11:23:27 (美东)","美股","USD","","","1.99","0","0","","","","","","0.01","0","2"
"卖出","AMD","美国超微公司","170.00","50","8,500.00","已撤单","0@0.00","2025/08/14 11:22:52 (美东)","止损限价单","撤单前有效","","盘中","170.00","允许","美股","USD","","","","","","","","","","","","","","","","","","","","","","",""
"买入","01066","威高股份","6.94","6,000","41,640.00","全部成交","6,000@6.94","2025/08/14 10:44:22 (香港)","限价单","当日有效","允许","","","","港股","HKD","","","","","400","6.94","2,776.00","2025/08/14 10:44:22 (香港)","港股","HKD","9069","","12.49","15","1.76","44","2.36","1.1","0.05","","","","76.76"
"","","","","","","","","","","","","","","","","","","","","","1,200","6.94","8,328.00","2025/08/14 10:44:22 (香港)","港股","HKD","3643","","","","","","","","","","","",""
"","","","","","","","","","","","","","","","","","","","","","800","6.94","5,552.00","2025/08/14 10:44:22 (香港)","港股","HKD","3289","","","","","","","","","","","",""
"","","","","","","","","","","","","","","","","","","","","","400","6.94","2,776.00","2025/08/14 10:44:22 (香港)","港股","HKD","3436","","","","","","","","","","","",""
"","","","","","","","","","","","","","","","","","","","","","2,800","6.94","19,432.00","2025/08/14 10:44:22 (香港)","港股","HKD","3287","","","","","","","","","","","",""
"","","","","","","","","","","","","","","","","","","","","","400","6.94","2,776.00","2025/08/14 10:44:22 (香港)","港股","HKD","3284","","","","","","","","","","","",""
"卖出","00700","腾讯控股","600.00","200","120,000.00","已撤单","0@0.00","2025/08/14 09:44:40 (香港)","限价单","当日有效","允许","","","","港股","HKD","","","","","","","","","","","","","","","","","","","","","","",""
"卖出","00700","腾讯控股","582.00","300","174,600.00","全部成交","300@582.00","2025/08/13 14:33:20 (香港)","限价单","当日有效","允许","","","","港股","HKD","","","","","300","582.00","174,600.00","2025/08/13 14:50:43 (香港)","港股","HKD","5998","","52.38","15","7.33","175","9.86","4.71","0.26","","","","264.54"
"卖出","00700","腾讯控股","585.00","300","175,500.00","全部成交","300@585.00","2025/08/13 14:21:11 (香港)","限价单","当日有效","允许","","","","港股","HKD","","","","","300","585.00","175,500.00","2025/08/13 15:46:40 (香港)","港股","HKD","2953","","52.65","15","7.37","176","9.92","4.74","0.26","","","","265.94"
"卖出","00700","腾讯控股","582.00","200","116,400.00","全部成交","200@582.00","2025/08/13 14:19:35 (香港)","限价单","当日有效","允许","","","","港股","HKD","","","","","200","582.00","116,400.00","2025/08/13 14:20:52 (香港)","港股","HKD","2953","","34.92","15","4.89","117","6.58","3.14","0.17","","","","181.7"
"卖出","00700","腾讯控股","575.00","100","57,500.00","全部成交","100@575.00","2025/08/13 09:54:58 (香港)","限价单","当日有效","允许","","","","港股","HKD","","","","","100","575.00","57,500.00","2025/08/13 10:06:47 (香港)","港股","HKD","6998","","17.25","15","2.42","58","3.25","1.55","0.09","","","","97.56"
"买入","09988","阿里巴巴-W","119.00","500","59,500.00","已撤单","0@0.00","2025/08/13 09:49:41 (香港)","限价单","当日有效","允许","","","","港股","HKD","","","","","","","","","","","","","","","","","","","","","","",""
"卖出","00700","腾讯控股","572.00","100","57,200.00","全部成交","100@572.00","2025/08/13 09:39:46 (香港)","限价单","撤单前有效","允许","","","","港股","HKD","","","","","100","572.00","57,200.00","2025/08/13 09:51:01 (香港)","港股","HKD","8565","","17.16","15","2.4","58","3.23","1.54","0.09","","","","97.42"
"卖出","TSLA","特斯拉","319.80","50","15,990.00","全部成交","50@319.80","2025/08/12 09:57:44 (美东)","止损限价单","撤单前有效","","盘中","320.00","允许","美股","USD","","","","","50","319.80","15,990.00","2025/08/20 09:54:46 (美东)","美股","USD","","","1.99","0","0.15","","","","","","0.01","0","2.15"
"买入","09988","阿里巴巴-W","116.40","500","58,200.00","全部成交","500@116.40","2025/08/12 10:48:57 (香港)","限价单","当日有效","允许","","","","港股","HKD","","","","","500","116.40","58,200.00","2025/08/12 10:52:25 (香港)","港股","HKD","5999","","17.46","15","2.44","59","3.29","1.57","0.09","","","","98.85"
"卖出","03690","美团-W","116.90","3,000","350,700.00","全部成交","3,000@117.00","2025/08/12 10:45:32 (香港)","止损限价单","撤单前有效","","","117.00","允许","港股","HKD","","","","","3,000","117.00","351,000.00","2025/08/21 14:20:28 (香港)","港股","HKD","6387","","105.3","15","14.74","351","19.83","9.48","0.53","","","","515.88"
"买入","TSLA","特斯拉","330.00","20","6,600.00","已撤单","0@0.00","2025/08/11 09:44:28 (美东)","限价单","撤单前有效","","盘中","","","美股","USD","","","","","","","","","","","","","","","","","","","","","","",""
"卖出","03690","美团-W","120.00","1,000","120,000.00","已撤单","0@0.00","2025/08/11 12:33:16 (香港)","限价单","撤单前有效","允许","","","","港股","HKD","","","","","","","","","","","","","","","","","","","","","","",""
"卖出","03690","美团-W","1120.00","1,000","1,120,000.00","已撤单","0@0.00","2025/08/11 12:32:54 (香港)","限价单","当日有效","允许","","","","港股","HKD","","","","","","","","","","","","","","","","","","","","","","",""
"买入","FTNT","飞塔信息","72.00","20","1,440.00","已撤单","0@0.00","2025/08/10 12:13:27 (美东)","限价单","撤单前有效","","盘中","","","美股","USD","","","","","","","","","","","","","","","","","","","","","","",""
"买入","AAPL","苹果","213.00","50","10,650.00","已撤单","0@0.00","2025/08/10 00:33:34 (美东)","限价单","撤单前有效","","盘中","","","美股","USD","","","","","","","","","","","","","","","","","","","","","","",""
"买入","HIMS","Hims & Hers Health","42.00","200","8,400.00","已撤单","0@0.00","2025/08/09 01:51:30 (美东)","限价单","撤单前有效","","盘中","","","美股","USD","","","","","","","","","","","","","","","","","","","","","","",""
"买入","RKLB","Rocket Lab","44.00","30","1,320.00","全部成交","30@44.00","2025/08/09 01:31:35 (美东)","限价单","撤单前有效","","盘中","","","美股","USD","","","","","30","44.00","1,320.00","2025/08/11 09:31:56 (美东)","美股","USD","","","1.99","0","0.09","","","","","","","0","2.08"
"卖出","TMDX","TransMedics","115.50","10","1,155.00","全部成交","10@115.50","2025/08/08 11:34:25 (美东)","限价单","当日有效","","盘前+盘中+盘后","","","美股","USD","","","","","10","115.50","1,155.00","2025/08/08 11:35:06 (美东)","美股","USD","","","1.99","0","0.03","","","","","","0.01","0","2.03"
"买入","COST","好市多","981.30","2","1,962.60","全部成交","2@981.02","2025/08/08 11:33:33 (美东)","限价单","当日有效","","盘前+盘中+盘后","","","美股","USD","","","","","2","981.02","1,962.04","2025/08/08 11:33:33 (美东)","美股","USD","","","1.99","0","0.01","","","","","","","0","2"
"卖出","ROKU","Roku Inc","81.65","50","4,082.50","全部成交","50@81.65","2025/08/08 11:32:57 (美东)","限价单","当日有效","","盘前+盘中+盘后","","","美股","USD","","","","","50","81.65","4,082.50","2025/08/08 11:32:57 (美东)","美股","USD","","","1.99","0","0.15","","","","","","0.01","0","2.15"
"买入","01810","小米集团-W","51.95","400","20,780.00","全部成交","400@51.95","2025/08/07 10:04:19 (香港)","限价单","当日有效","允许","","","","港股","HKD","","","","","400","51.95","20,780.00","2025/08/07 10:04:19 (香港)","港股","HKD","5342","","6.23","30","0.87","21","1.17","0.56","0.03","","","","59.86"
"卖出","00700","腾讯控股","572.00","200","114,400.00","已撤单","0@0.00","2025/08/07 09:32:45 (香港)","限价单","当日有效","允许","","","","港股","HKD","","","","","","","","","","","","","","","","","","","","","","",""
"买入","AAPL","苹果","209.00","30","6,270.00","全部成交","30@208.9891","2025/08/06 09:35:38 (美东)","限价单","当日有效","","盘前+盘中+盘后","","","美股","USD","","","","","30","208.9891","6,269.67","2025/08/06 09:36:23 (美东)","美股","USD","","","1.99","0","0.09","","","","","","","0","2.08"
"买入","09988","阿里巴巴-W","119.00","500","59,500.00","全部成交","500@119.00","2025/08/06 11:57:28 (香港)","限价单","撤单前有效","允许","","","","港股","HKD","","","","","500","119.00","59,500.00","2025/08/15 09:30:41 (香港)","港股","HKD","8309","","17.85","15","2.5","60","3.36","1.61","0.09","","","","100.41"
"买入","01066","威高股份","6.99","4,000","27,960.00","全部成交","4,000@6.99","2025/08/06 10:04:41 (香港)","限价单","当日有效","允许","","","","港股","HKD","","","","","4,000","6.99","27,960.00","2025/08/06 10:05:38 (香港)","港股","HKD","7818","","8.39","30","1.17","28","1.58","0.75","0.04","","","","69.93"
"买入","01066","威高股份","7.00","4,000","28,000.00","已撤单","0@0.00","2025/08/06 10:04:09 (香港)","限价单","当日有效","允许","","","","港股","HKD","","","","","","","","","","","","","","","","","","","","","","",""
"买入","01066","威高股份","7.00","1,600","11,200.00","全部成交","1,600@7.00","2025/08/06 09:54:20 (香港)","限价单","当日有效","允许","","","","港股","HKD","","","","","1,600","7.00","11,200.00","2025/08/06 09:54:20 (香港)","港股","HKD","5345","","3.36","30","0.47","12","0.63","0.3","0.02","","","","46.78"
"买入","09995","荣昌生物","60.00","500","30,000.00","已撤单","0@0.00","2025/08/05 15:49:02 (香港)","限价单","撤单前有效","允许","","","","港股","HKD","","","","","","","","","","","","","","","","","","","","","","",""
"买入","09988","阿里巴巴-W","110.20","1,000","110,200.00","已撤单","0@0.00","2025/08/05 15:47:51 (香港)","限价单","撤单前有效","允许","","","","港股","HKD","","","","","","","","","","","","","","","","","","","","","","",""
"买入","01810","小米集团-W","50.00","1,000","50,000.00","已撤单","0@0.00","2025/08/05 09:52:59 (香港)","限价单","撤单前有效","允许","","","","港股","HKD","","","","","","","","","","","","","","","","","","","","","","",""
"买入","02382","舜宇光学科技","65.00","500","32,500.00","已撤单","0@0.00","2025/08/05 09:52:16 (香港)","限价单","撤单前有效","允许","","","","港股","HKD","","","","","","","","","","","","","","","","","","","","","","",""
"买入","09995","荣昌生物","60.00","500","30,000.00","已撤单","0@0.00","2025/08/05 09:48:36 (香港)","限价单","当日有效","允许","","","","港股","HKD","","","","","","","","","","","","","","","","","","","","","","",""
"买入","09988","阿里巴巴-W","110.00","500","55,000.00","已撤单","0@0.00","2025/08/04 11:05:01 (香港)","限价单","撤单前有效","允许","","","","港股","HKD","","","","","","","","","","","","","","","","","","","","","","",""
"买入","AAPL","苹果","195.00","30","5,850.00","已撤单","0@0.00","2025/08/03 08:03:53 (美东)","限价单","撤单前有效","","盘中","","","美股","USD","","","","","","","","","","","","","","","","","","","","","","",""
"买入","META","Meta Platforms","695.00","20","13,900.00","已撤单","0@0.00","2025/08/03 08:01:50 (美东)","限价单","撤单前有效","","盘中","","","美股","USD","","","","","","","","","","","","","","","","","","","","","","",""
"买入","ROKU","Roku Inc","83.03","50","4,151.50","全部成交","50@83.0156","2025/08/01 10:38:57 (美东)","限价单","当日有效","","盘前+盘中+盘后","","","美股","USD","","","","","14","83.03","1,162.42","2025/08/01 10:38:57 (美东)","美股","USD","","","1.99","0","0.14","","","","","","","0","2.13"
"","","","","","","","","","","","","","","","","","","","","","34","83.01","2,822.34","2025/08/01 10:38:57 (美东)","美股","USD","","","","","","","","","","","","",""
"","","","","","","","","","","","","","","","","","","","","","1","83.01","83.01","2025/08/01 10:38:57 (美东)","美股","USD","","","","","","","","","","","","",""
"","","","","","","","","","","","","","","","","","","","","","1","83.01","83.01","2025/08/01 10:38:57 (美东)","美股","USD","","","","","","","","","","","","",""
"买入","COST","好市多","948.29","5","4,741.45","全部成交","5@948.29","2025/08/01 10:38:38 (美东)","限价单","当日有效","","盘中","","","美股","USD","","","","","5","948.29","4,741.45","2025/08/01 10:38:43 (美东)","美股","USD","","","1.99","0","0.02","","","","","","","0","2.01"
"买入","TSLA","特斯拉","292.00","30","8,760.00","已撤单","0@0.00","2025/08/01 09:48:09 (美东)","限价单","撤单前有效","","盘中","","","美股","USD","","","","","","","","","","","","","","","","","","","","","","",""
"卖出","GOOG","谷歌-C","189.54","50","9,477.00","全部成交","50@189.625","2025/08/01 09:46:48 (美东)","限价单","当日有效","","盘前+盘中+盘后","","","美股","USD","","","","","50","189.625","9,481.25","2025/08/01 09:46:48 (美东)","美股","USD","","","1.99","0","0.15","","","","","","0.01","0","2.15"
"卖出","META","Meta Platforms","756.00","10","7,560.00","全部成交","10@756.00","2025/08/01 09:44:48 (美东)","限价单","当日有效","","盘前+盘中+盘后","","","美股","USD","","","","","10","756.00","7,560.00","2025/08/01 09:44:50 (美东)","美股","USD","","","1.99","0","0.03","","","","","","0.01","0","2.03"
"卖出","META","Meta Platforms","757.56","10","7,575.60","已撤单","0@0.00","2025/08/01 09:42:14 (美东)","限价单","当日有效","","盘前+盘中+盘后","","","美股","USD","","","","","","","","","","","","","","","","","","","","","","",""
"买入","TSLA","特斯拉","300.00","10","3,000.00","全部成交","10@300.00","2025/08/01 09:40:19 (美东)","限价单","当日有效","","盘中","","","美股","USD","","","","","10","300.00","3,000.00","2025/08/01 09:59:18 (美东)","美股","USD","","","1.99","0","0.03","","","","","","","0","2.02"
"买入","01810","小米集团-W","54.00","1,000","54,000.00","全部成交","1,000@54.00","2025/07/31 09:31:23 (香港)","限价单","当日有效","允许","","","","港股","HKD","","","","","1,000","54.00","54,000.00","2025/07/31 09:46:09 (香港)","港股","HKD","5998","","16.2","10","2.27","54","3.05","1.46","0.08","","","","87.06"
"卖出","GOOG","谷歌-C","196.00","50","9,800.00","全部成交","50@196.00","2025/07/30 10:02:13 (美东)","限价单","当日有效","","盘中","","","美股","USD","","","","","50","196.00","9,800.00","2025/07/30 10:02:14 (美东)","美股","USD","","","1.99","0","0.15","","","","","","0.01","0","2.15"
"卖出","GOOG","谷歌-C","市价","50","9,521.00","全部成交","50@190.42","2025/07/30 04:39:18 (美东)","止损市价单","撤单前有效","","盘中","190.00","允许","美股","USD","","","","","50","190.42","9,521.00","2025/08/01 09:30:07 (美东)","美股","USD","","","1.99","0","0.15","","","","","","0.01","0","2.15"
"卖出","AMD","美国超微公司","市价","50","8,474.50","全部成交","50@169.49","2025/07/30 04:38:18 (美东)","止损市价单","撤单前有效","","盘中","170.00","允许","美股","USD","","","","","50","169.49","8,474.50","2025/08/01 09:30:03 (美东)","美股","USD","","","1.99","0","0.15","","","","","","0.01","0","2.15"
"卖出","AAPL","苹果","204.00","150","30,600.00","已撤单","0@0.00","2025/07/30 04:37:25 (美东)","止损限价单","撤单前有效","","盘中","204.00","允许","美股","USD","","","","","","","","","","","","","","","","","","","","","","",""
"买入","TMDX","TransMedics","105.92","10","1,059.20","全部成交","10@105.805","2025/07/29 11:21:25 (美东)","限价单","当日有效","","盘前+盘中+盘后","","","美股","USD","","","","","10","105.805","1,058.05","2025/07/29 11:21:26 (美东)","美股","USD","","","1.99","0","0.03","","","","","","","0","2.02"
"卖出","PDD","拼多多","116.20","9","1,045.80","全部成交","9@116.2201","2025/07/29 11:20:10 (美东)","限价单","当日有效","","盘前+盘中+盘后","","","美股","USD","","","","","9","116.2201","1,045.98","2025/07/29 11:20:11 (美东)","美股","USD","","","1.99","0","0.03","","","","","","0.01","0","2.03"
"买入","META","Meta Platforms","650.00","30","19,500.00","已撤单","0@0.00","2025/07/29 10:59:40 (美东)","限价单","撤单前有效","","盘中","","","美股","USD","","","","","","","","","","","","","","","","","","","","","","",""
"买入","META","Meta Platforms","650.00","30","19,500.00","已撤单","0@0.00","2025/07/29 10:59:17 (美东)","限价单","撤单前有效","","盘中","","","美股","USD","","","","","","","","","","","","","","","","","","","","","","",""
"卖出","RCAT","Red Cat Holdings","8.35","500","4,175.00","全部成交","500@8.3503","2025/07/29 10:51:08 (美东)","限价单","当日有效","","盘前+盘中+盘后","","","美股","USD","","","","","500","8.3503","4,175.15","2025/07/29 10:51:22 (美东)","美股","USD","","","5","0","1.5","","","","","","0.08","0.02","6.6"
"卖出","AMD","美国超微公司","185.00","50","9,250.00","已撤单","0@0.00","2025/07/29 09:42:53 (美东)","限价单","撤单前有效","","盘中","","","美股","USD","","","","","","","","","","","","","","","","","","","","","","",""
"卖出","AMD","美国超微公司","185.00","50","9,250.00","已撤单","0@0.00","2025/07/29 09:37:42 (美东)","限价单","撤单前有效","","盘中","","","美股","USD","","","","","","","","","","","","","","","","","","","","","","",""
"买入","HOOD","Robinhood","78.00","100","7,800.00","已撤单","0@0.00","2025/07/29 07:00:05 (美东)","限价单","撤单前有效","","盘中","","","美股","USD","","","","","","","","","","","","","","","","","","","","","","",""
"买入","09988","阿里巴巴-W","119.00","500","59,500.00","全部成交","500@117.70","2025/07/29 18:04:52 (香港)","限价单","撤单前有效","允许","","","","港股","HKD","","","","","500","117.70","58,850.00","2025/07/30 09:20:21 (香港)","港股","HKD","9068","","17.66","10","2.47","59","3.33","1.59","0.09","","","","94.14"
"买入","09988","阿里巴巴-W","120.00","600","72,000.00","全部成交","600@117.70","2025/07/29 18:03:15 (香港)","限价单","撤单前有效","允许","","","","港股","HKD","","","","","600","117.70","70,620.00","2025/07/30 09:20:21 (香港)","港股","HKD","8508","","21.19","10","2.97","71","3.99","1.91","0.11","","","","111.17"
"买入","01810","小米集团-W","55.00","1,000","55,000.00","全部成交","1,000@55.00","2025/07/29 09:46:41 (香港)","限价单","撤单前有效","允许","","","","港股","HKD","","","","","1,000","55.00","55,000.00","2025/07/29 10:33:43 (香港)","港股","HKD","4373","","16.5","10","2.31","55","3.11","1.49","0.08","","","","88.49"
"买入","09988","阿里巴巴-W","118.00","500","59,000.00","全部成交","500@117.70","2025/07/29 09:27:42 (香港)","限价单","撤单前有效","允许","","","","港股","HKD","","","","","500","117.70","58,850.00","2025/07/30 09:20:21 (香港)","港股","HKD","3448","","17.66","10","2.47","59","3.33","1.59","0.09","","","","94.14"
"卖出","AMD","美国超微公司","175.00","50","8,750.00","全部成交","50@175.00","2025/07/28 11:19:09 (美东)","限价单","撤单前有效","","盘中","","","美股","USD","","","","","50","175.00","8,750.00","2025/07/29 09:30:11 (美东)","美股","USD","","","1.99","0","0.15","","","","","","0.01","0","2.15"
"买入","09988","阿里巴巴-W","120.60","200","24,120.00","全部成交","200@120.60","2025/07/28 15:40:01 (香港)","限价单","当日有效","允许","","","","港股","HKD","","","","","200","120.60","24,120.00","2025/07/28 15:42:01 (香港)","港股","HKD","1475","","7.24","10","1.01","25","1.36","0.65","0.04","","","","45.3"
"买入","09988","阿里巴巴-W","120.00","100","12,000.00","已撤单","0@0.00","2025/07/28 14:57:58 (香港)","限价单","当日有效","允许","","","","港股","HKD","","","","","","","","","","","","","","","","","","","","","","",""
"买入","09988","阿里巴巴-W","120.00","100","12,000.00","全部成交","100@120.00","2025/07/28 11:41:22 (香港)","限价单","当日有效","允许","","","","港股","HKD","","","","","100","120.00","12,000.00","2025/07/28 11:41:22 (香港)","港股","HKD","8445","","3.6","10","0.5","12","0.68","0.32","0.02","","","","27.12"
"卖出","00853","微创医疗","14.00","4,000","56,000.00","全部成交","4,000@14.00","2025/07/28 11:03:11 (香港)","止损限价单","撤单前有效","","","14.00","允许","港股","HKD","","","","","4,000","14.00","56,000.00","2025/08/01 10:10:12 (香港)","港股","HKD","4107","","16.8","30","2.35","56","3.16","1.51","0.08","","","","109.9"
"买入","09988","阿里巴巴-W","121.30","100","12,130.00","全部成交","100@121.30","2025/07/28 10:38:00 (香港)","限价单","当日有效","允许","","","","港股","HKD","","","","","100","121.30","12,130.00","2025/07/28 10:38:00 (香港)","港股","HKD","6699","","3.64","10","0.51","13","0.69","0.33","0.02","","","","28.19"
"卖出","03690","美团-W","130.60","1,000","130,600.00","全部成交","1,000@130.60","2025/07/28 10:37:38 (香港)","限价单","当日有效","允许","","","","港股","HKD","","","","","1,000","130.60","130,600.00","2025/07/28 10:37:51 (香港)","港股","HKD","1049","","39.18","10","5.49","131","7.38","3.53","0.2","","","","196.78"
"买入","09988","阿里巴巴-W","119.00","200","23,800.00","已撤单","0@0.00","2025/07/28 09:39:51 (香港)","限价单","当日有效","允许","","","","港股","HKD","","","","","","","","","","","","","","","","","","","","","","",""
"买入","09988","阿里巴巴-W","118.00","200","23,600.00","已撤单","0@0.00","2025/07/28 08:41:27 (香港)","限价单","当日有效","允许","","","","港股","HKD","","","","","","","","","","","","","","","","","","","","","","",""
"卖出","00700","腾讯控股","560.00","200","112,000.00","全部成交","200@560.00","2025/07/26 16:01:34 (香港)","限价单","撤单前有效","允许","","","","港股","HKD","","","","","200","560.00","112,000.00","2025/08/06 09:30:09 (香港)","港股","HKD","757","","33.6","30","4.7","112","6.33","3.02","0.17","","","","189.82"
"买入","09995","荣昌生物","66.95","500","33,475.00","全部成交","500@66.95","2025/07/26 15:56:43 (香港)","限价单","撤单前有效","允许","","","","港股","HKD","","","","","500","66.95","33,475.00","2025/07/28 09:30:26 (香港)","港股","HKD","6996","","10.04","10","1.41","34","1.89","0.9","0.05","","","","58.29"
"买入","06160","百济神州","166.00","500","83,000.00","已撤单","0@0.00","2025/07/26 15:49:39 (香港)","限价单","撤单前有效","允许","","","","港股","HKD","","","","","","","","","","","","","","","","","","","","","","",""
"买入","09988","阿里巴巴-W","115.00","2,000","230,000.00","全部成交","2,000@115.00","2025/07/26 15:25:21 (香港)","限价单","撤单前有效","允许","","","","港股","HKD","","","","","2,000","115.00","230,000.00","2025/07/31 09:47:02 (香港)","港股","HKD","4457","","69","10","9.66","230","13","6.21","0.35","","","","338.22"
"卖出","00700","腾讯控股","550.00","200","110,000.00","全部成交","200@550.00","2025/07/25 13:51:10 (香港)","限价单","当日有效","允许","","","","港股","HKD","","","","","200","550.00","110,000.00","2025/07/25 15:16:02 (香港)","港股","HKD","5999","","33","10","4.62","110","6.22","2.97","0.17","","","","166.98"
"卖出","00700","腾讯控股","555.00","300","166,500.00","已撤单","0@0.00","2025/07/25 10:00:30 (香港)","限价单","当日有效","允许","","","","港股","HKD","","","","","","","","","","","","","","","","","","","","","","",""
"买入","TSLA","特斯拉","302.65","10","3,026.50","全部成交","10@302.65","2025/07/24 12:00:52 (美东)","限价单","当日有效","","盘前+盘中+盘后","","","美股","USD","","","","","10","302.65","3,026.50","2025/07/24 12:01:00 (美东)","美股","USD","","","1.99","0","0.03","","","","","","","0","2.02"
"买入","01066","威高股份","6.30","10,000","63,000.00","已撤单","0@0.00","2025/07/24 13:20:18 (香港)","限价单","撤单前有效","允许","","","","港股","HKD","","","","","","","","","","","","","","","","","","","","","","",""
"买入","01066","威高股份","6.50","10,000","65,000.00","已撤单","0@0.00","2025/07/24 13:19:28 (香港)","限价单","撤单前有效","允许","","","","港股","HKD","","","","","","","","","","","","","","","","","","","","","","",""
"买入","01810","小米集团-W","57.00","1,000","57,000.00","全部成交","1,000@57.00","2025/07/24 13:17:07 (香港)","限价单","撤单前有效","允许","","","","港股","HKD","","","","","1,000","57.00","57,000.00","2025/07/28 09:30:00 (香港)","港股","HKD","8503","","17.1","10","2.39","57","3.22","1.54","0.09","","","","91.34"
"卖出","00700","腾讯控股","560.00","600","336,000.00","已撤单","0@0.00","2025/07/24 13:14:00 (香港)","限价单","撤单前有效","允许","","","","港股","HKD","","","","","","","","","","","","","","","","","","","","","","",""
"卖出","00700","腾讯控股","560.00","100","56,000.00","已撤单","0@0.00","2025/07/24 10:23:13 (香港)","限价单","当日有效","允许","","","","港股","HKD","","","","","","","","","","","","","","","","","","","","","","",""
"买入","NBIS","NEBIUS","50.98","20","1,019.60","全部成交","20@50.98","2025/07/23 11:14:36 (美东)","限价单","当日有效","","盘前+盘中+盘后","","","美股","USD","","","","","20","50.98","1,019.60","2025/07/23 11:14:38 (美东)","美股","USD","","","1.99","0","0.06","","","","","","","0","2.05"
"卖出","PDD","拼多多","119.27","20","2,385.40","全部成交","20@119.27","2025/07/23 11:11:58 (美东)","限价单","当日有效","","盘前+盘中+盘后","","","美股","USD","","","","","20","119.27","2,385.40","2025/07/23 11:12:14 (美东)","美股","USD","","","1.99","0","0.06","","","","","","0.01","0","2.06"
"买入","RCAT","Red Cat Holdings","9.34","100","934.00","全部成交","100@9.34","2025/07/23 11:10:45 (美东)","限价单","当日有效","","盘前+盘中+盘后","","","美股","USD","","","","","100","9.34","934.00","2025/07/23 11:13:26 (美东)","美股","USD","","","1.99","0","0.3","","","","","","","0","2.29"
"买入","PDD","拼多多","106.00","50","5,300.00","已撤单","0@0.00","2025/07/23 10:30:40 (美东)","限价单","撤单前有效","","盘中","","","美股","USD","","","","","","","","","","","","","","","","","","","","","","",""
"买入","RCAT","Red Cat Holdings","8.80","460","4,048.00","全部成交","460@8.80","2025/07/23 05:28:52 (美东)","限价单","撤单前有效","","盘中","","","美股","USD","","","","","445","8.80","3,916.00","2025/07/29 09:47:49 (美东)","美股","USD","","","4.6","0","1.39","","","","","","","0.02","6.01"
"","","","","","","","","","","","","","","","","","","","","","15","8.80","132.00","2025/07/29 09:47:49 (美东)","美股","USD","","","","","","","","","","","","",""
"卖出","PDD","拼多多","118.00","60","7,080.00","全部成交","60@118.41","2025/07/23 05:21:37 (美东)","限价单","撤单前有效","","盘中","","","美股","USD","","","","","60","118.41","7,104.60","2025/07/23 09:30:15 (美东)","美股","USD","","","1.99","0","0.18","","","","","","0.01","0","2.18"
"买入","TSLA","特斯拉","290.00","50","14,500.00","已撤单","0@0.00","2025/07/23 05:13:40 (美东)","限价单","撤单前有效","","盘中","","","美股","USD","","","","","","","","","","","","","","","","","","","","","","",""
"卖出","TSLA","特斯拉","321.50","40","12,860.00","已撤单","0@0.00","2025/07/23 05:12:39 (美东)","止损限价单","撤单前有效","","盘中","322.00","允许","美股","USD","","","","","","","","","","","","","","","","","","","","","","",""
"买入","02382","舜宇光学科技","70.00","500","35,000.00","已撤单","0@0.00","2025/07/23 11:25:37 (香港)","限价单","撤单前有效","允许","","","","港股","HKD","","","","","","","","","","","","","","","","","","","","","","",""
"卖出","PDD","拼多多","触及市价","50","0.00","已撤单","0@0.00","2025/07/21 10:09:40 (美东)","止损市价单","撤单前有效","","盘中","106.00","允许","美股","USD","","","","","","","","","","","","","","","","","","","","","","",""
"卖出","PDD","拼多多","106.00","50","5,300.00","已撤单","0@0.00","2025/07/21 10:08:55 (美东)","止损限价单","撤单前有效","","盘前+盘中+盘后","106.00","允许","美股","USD","","","","","","","","","","","","","","","","","","","","","","",""
"卖出","HIMS","Hims & Hers Health","49.39","200","9,878.00","全部成交","200@49.39","2025/07/21 09:57:58 (美东)","限价单","当日有效","","盘前+盘中+盘后","","","美股","USD","","","","","150","49.39","7,408.50","2025/07/21 09:57:58 (美东)","美股","USD","","","2","0","0.6","","","","","","0.03","0.01","2.64"
"","","","","","","","","","","","","","","","","","","","","","50","49.39","2,469.50","2025/07/21 09:57:58 (美东)","美股","USD","","","","","","","","","","","","",""
"买入","AAPL","苹果","214.00","20","4,280.00","全部成交","20@214.00","2025/07/21 09:56:59 (美东)","限价单","撤单前有效","","盘前+盘中+盘后","","","美股","USD","","","","","20","214.00","4,280.00","2025/07/21 10:39:13 (美东)","美股","USD","","","1.99","0","0.06","","","","","","","0","2.05"
"买入","AAPL","苹果","214.73","20","4,294.60","全部成交","20@214.6569","2025/07/21 09:56:20 (美东)","限价单","当日有效","","盘前+盘中+盘后","","","美股","USD","","","","","20","214.6569","4,293.14","2025/07/21 09:56:21 (美东)","美股","USD","","","1.99","0","0.06","","","","","","","0","2.05"
"买入","TMDX","TransMedics","96.00","100","9,600.00","已撤单","0@0.00","2025/07/20 00:22:37 (美东)","限价单","撤单前有效","","盘中","","","美股","USD","","","","","","","","","","","","","","","","","","","","","","",""
"买入","RKLB","Rocket Lab","40.00","200","8,000.00","已撤单","0@0.00","2025/07/20 00:14:38 (美东)","限价单","撤单前有效","","盘中","","","美股","USD","","","","","","","","","","","","","","","","","","","","","","",""
"买入","RKLB","Rocket Lab","44.50","150","6,675.00","已撤单","0@0.00","2025/07/20 00:14:21 (美东)","限价单","撤单前有效","","盘中","","","美股","USD","","","","","","","","","","","","","","","","","","","","","","",""
"卖出","HIMS","Hims & Hers Health","43.00","190","8,170.00","已撤单","0@0.00","2025/07/19 05:23:23 (美东)","止损限价单","撤单前有效","","盘中","43.00","允许","美股","USD","","","","","","","","","","","","","","","","","","","","","","",""
"买入","META","Meta Platforms","660.00","10","6,600.00","已撤单","0@0.00","2025/07/18 10:43:29 (美东)","限价单","当日有效","","盘中","","","美股","USD","","","","","","","","","","","","","","","","","","","","","","",""
"买入","NBIS","NEBIUS","53.00","5","265.00","全部成交","5@53.00","2025/07/18 06:17:47 (美东)","限价单","当日有效","","盘中","","","美股","USD","","","","","5","53.00","265.00","2025/07/18 09:56:36 (美东)","美股","USD","","","1.99","0","0.02","","","","","","","0","2.01"
"买入","00853","微创医疗","7.80","5,000","39,000.00","已撤单","0@0.00","2025/07/18 14:11:49 (香港)","限价单","撤单前有效","允许","","","","港股","HKD","","","","","","","","","","","","","","","","","","","","","","",""
"买入","PDD","拼多多","106.00","50","5,300.00","已撤单","0@0.00","2025/07/17 11:11:02 (美东)","限价单","撤单前有效","","盘中","","","美股","USD","","","","","","","","","","","","","","","","","","","","","","",""
"买入","PDD","拼多多","108.00","10","1,080.00","已撤单","0@0.00","2025/07/17 11:01:58 (美东)","限价单","撤单前有效","","盘前+盘中+盘后","","","美股","USD","","","","","","","","","","","","","","","","","","","","","","",""
"买入","META","Meta Platforms","650.00","40","26,000.00","已撤单","0@0.00","2025/07/17 10:19:41 (美东)","限价单","撤单前有效","","盘中","","","美股","USD","","","","","","","","","","","","","","","","","","","","","","",""
"买入","00853","微创医疗","8.50","4,000","34,000.00","全部成交","4,000@8.50","2025/07/17 09:29:20 (香港)","限价单","撤单前有效","允许","","","","港股","HKD","","","","","1,100","8.50","9,350.00","2025/07/18 13:28:24 (香港)","港股","HKD","2241","","10.2","15","1.43","37","1.92","0.91","0.05","","","","66.51"
"","","","","","","","","","","","","","","","","","","","","","1,500","8.50","12,750.00","2025/07/18 13:28:24 (香港)","港股","HKD","2452","","","","","","","","","","","",""
"","","","","","","","","","","","","","","","","","","","","","300","8.50","2,550.00","2025/07/18 13:28:23 (香港)","港股","HKD","4107","","","","","","","","","","","",""
"","","","","","","","","","","","","","","","","","","","","","100","8.50","850.00","2025/07/18 13:28:23 (香港)","港股","HKD","4107","","","","","","","","","","","",""
"","","","","","","","","","","","","","","","","","","","","","400","8.50","3,400.00","2025/07/18 13:28:23 (香港)","港股","HKD","4107","","","","","","","","","","","",""
"","","","","","","","","","","","","","","","","","","","","","600","8.50","5,100.00","2025/07/18 13:28:23 (香港)","港股","HKD","7364","","","","","","","","","","","",""
"买入","01066","威高股份","6.35","6,000","38,100.00","全部成交","6,000@6.35","2025/07/17 09:26:23 (香港)","限价单","撤单前有效","允许","","","","港股","HKD","","","","","800","6.35","5,080.00","2025/07/17 11:09:26 (香港)","港股","HKD","6999","","11.43","15","1.59","41","2.16","1.03","0.06","","","","72.27"
"","","","","","","","","","","","","","","","","","","","","","2,000","6.35","12,700.00","2025/07/17 11:09:20 (香港)","港股","HKD","6996","","","","","","","","","","","",""
"","","","","","","","","","","","","","","","","","","","","","800","6.35","5,080.00","2025/07/17 11:09:09 (香港)","港股","HKD","5999","","","","","","","","","","","",""
"","","","","","","","","","","","","","","","","","","","","","2,400","6.35","15,240.00","2025/07/17 11:09:09 (香港)","港股","HKD","6996","","","","","","","","","","","",""
"买入","TSLA","特斯拉","310.00","30","9,300.00","已撤单","0@0.00","2025/07/16 10:36:01 (美东)","限价单","撤单前有效","","盘中","","","美股","USD","","","","","","","","","","","","","","","","","","","","","","",""
"买入","01810","小米集团-W","57.00","1,000","57,000.00","全部成交","1,000@57.00","2025/07/16 15:33:21 (香港)","限价单","撤单前有效","允许","","","","港股","HKD","","","","","1,000","57.00","57,000.00","2025/07/17 09:30:04 (香港)","港股","HKD","4486","","17.1","15","2.39","57","3.22","1.54","0.09","","","","96.34"
"买入","00853","微创医疗","7.70","10,000","77,000.00","已撤单","0@0.00","2025/07/16 15:15:00 (香港)","限价单","撤单前有效","允许","","","","港股","HKD","","","","","","","","","","","","","","","","","","","","","","",""
"买入","01810","小米集团-W","55.00","2,000","110,000.00","已撤单","0@0.00","2025/07/16 15:11:04 (香港)","限价单","撤单前有效","允许","","","","港股","HKD","","","","","","","","","","","","","","","","","","","","","","",""
"买入","01810","小米集团-W","53.50","2,000","107,000.00","已撤单","0@0.00","2025/07/16 14:26:07 (香港)","限价单","撤单前有效","允许","","","","港股","HKD","","","","","","","","","","","","","","","","","","","","","","",""
"买入","00853","微创医疗","8.00","1,000","8,000.00","已撤单","0@0.00","2025/07/16 14:21:23 (香港)","限价单","撤单前有效","允许","","","","港股","HKD","","","","","","","","","","","","","","","","","","","","","","",""
"买入","00853","微创医疗","8.75","500","4,375.00","全部成交","500@8.75","2025/07/16 14:20:19 (香港)","限价单","当日有效","允许","","","","港股","HKD","","","","","500","8.75","4,375.00","2025/07/16 14:20:20 (香港)","港股","HKD","1299","","3","15","0.18","5","0.25","0.12","0.01","","","","23.56"
"买入","01066","威高股份","6.00","10,000","60,000.00","已撤单","0@0.00","2025/07/16 11:54:17 (香港)","限价单","撤单前有效","允许","","","","港股","HKD","","","","","","","","","","","","","","","","","","","","","","",""
"卖出","00700","腾讯控股","528.00","100","52,800.00","已撤单","0@0.00","2025/07/16 09:45:37 (香港)","限价单","当日有效","允许","","","","港股","HKD","","","","","","","","","","","","","","","","","","","","","","",""
"卖出","00700","腾讯控股","525.00","200","105,000.00","全部成交","200@525.00","2025/07/16 09:32:17 (香港)","限价单","撤单前有效","允许","","","","港股","HKD","","","","","200","525.00","105,000.00","2025/07/16 09:51:39 (香港)","港股","HKD","746","","31.5","15","4.41","105","5.93","2.84","0.16","","","","164.84"
"买入","01810","小米集团-W","57.00","1,000","57,000.00","已撤单","0@0.00","2025/07/15 14:46:32 (香港)","限价单","当日有效","允许","","","","港股","HKD","","","","","","","","","","","","","","","","","","","","","","",""
"买入","06160","百济神州","155.00","500","77,500.00","已撤单","0@0.00","2025/07/15 11:19:41 (香港)","限价单","撤单前有效","允许","","","","港股","HKD","","","","","","","","","","","","","","","","","","","","","","",""
"买入","06160","百济神州","150.00","500","75,000.00","已撤单","0@0.00","2025/07/15 11:19:17 (香港)","限价单","当日有效","允许","","","","港股","HKD","","","","","","","","","","","","","","","","","","","","","","",""
"买入","06160","百济神州","155.00","500","77,500.00","已撤单","0@0.00","2025/07/15 11:18:17 (香港)","限价单","撤单前有效","允许","","","","港股","HKD","","","","","","","","","","","","","","","","","","","","","","",""
"买入","OKLO","Oklo Inc","55.00","100","5,500.00","已撤单","0@0.00","2025/07/14 14:38:38 (美东)","限价单","撤单前有效","","盘前+盘中+盘后","","","美股","USD","","","","","","","","","","","","","","","","","","","","","","",""
"买入","TSLA","特斯拉","290.00","20","5,800.00","已撤单","0@0.00","2025/07/14 11:21:34 (美东)","限价单","撤单前有效","","盘中","","","美股","USD","","","","","","","","","","","","","","","","","","","","","","",""
"买入","TSLA","特斯拉","314.00","9","2,826.00","全部成交","9@313.98","2025/07/14 11:19:21 (美东)","限价单","撤单前有效","","盘前+盘中+盘后","","","美股","USD","","","","","2","313.98","627.96","2025/07/14 11:20:01 (美东)","美股","USD","","","1.99","0","0.03","","","","","","","0","2.02"
"","","","","","","","","","","","","","","","","","","","","","7","313.98","2,197.86","2025/07/14 11:20:01 (美东)","美股","USD","","","","","","","","","","","","",""
"买入","06160","百济神州","145.00","200","29,000.00","已撤单","0@0.00","2025/07/14 13:33:00 (香港)","限价单","撤单前有效","允许","","","","港股","HKD","","","","","","","","","","","","","","","","","","","","","","",""
"买入","06160","百济神州","130.00","2,000","260,000.00","已撤单","0@0.00","2025/07/14 13:32:28 (香港)","限价单","撤单前有效","允许","","","","港股","HKD","","","","","","","","","","","","","","","","","","","","","","",""
"买入","06160","百济神州","150.00","500","75,000.00","全部成交","500@150.00","2025/07/11 10:27:41 (香港)","限价单","撤单前有效","允许","","","","港股","HKD","","","","","300","150.00","45,000.00","2025/07/14 09:35:49 (香港)","港股","HKD","639","","22.5","15","3.15","75","4.24","2.03","0.12","","","","122.04"
"","","","","","","","","","","","","","","","","","","","","","200","150.00","30,000.00","2025/07/14 09:35:49 (香港)","港股","HKD","6999","","","","","","","","","","","",""
"买入","06160","百济神州","155.80","200","31,160.00","全部成交","200@155.80","2025/07/11 10:26:58 (香港)","限价单","当日有效","允许","","","","港股","HKD","","","","","200","155.80","31,160.00","2025/07/11 10:26:58 (香港)","港股","HKD","8471","","9.35","15","1.31","32","1.76","0.84","0.05","","","","60.31"
"买入","01066","威高股份","5.83","4,000","23,320.00","全部成交","4,000@5.83","2025/07/11 10:14:26 (香港)","限价单","当日有效","允许","","","","港股","HKD","","","","","1,600","5.83","9,328.00","2025/07/11 10:55:42 (香港)","港股","HKD","4451","","7","15","0.98","25","1.32","0.62","0.03","","","","49.95"
"","","","","","","","","","","","","","","","","","","","","","400","5.83","2,332.00","2025/07/11 10:55:42 (香港)","港股","HKD","5998","","","","","","","","","","","",""
"","","","","","","","","","","","","","","","","","","","","","2,000","5.83","11,660.00","2025/07/11 10:55:42 (香港)","港股","HKD","6999","","","","","","","","","","","",""
"买入","HIMS","Hims & Hers Health","48.50","30","1,455.00","全部成交","30@48.50","2025/07/10 12:18:12 (美东)","限价单","撤单前有效","","盘中","","","美股","USD","","","","","30","48.50","1,455.00","2025/07/11 14:28:23 (美东)","美股","USD","","","1.99","0","0.09","","","","","","","0","2.08"
"卖出","03690","美团-W","120.00","1,000","120,000.00","全部成交","1,000@120.00","2025/07/10 13:20:47 (香港)","限价单","撤单前有效","允许","","","","港股","HKD","","","","","1,000","120.00","120,000.00","2025/07/11 09:38:16 (香港)","港股","HKD","8036","","36","15","5.04","120","6.78","3.24","0.18","","","","186.24"
"卖出","03690","美团-W","117.90","1,000","117,900.00","全部成交","1,000@117.90","2025/07/10 13:16:50 (香港)","限价单","当日有效","允许","","","","港股","HKD","","","","","1,000","117.90","117,900.00","2025/07/10 13:18:06 (香港)","港股","HKD","1048","","35.37","15","4.95","118","6.66","3.18","0.18","","","","183.34"
"卖出","03690","美团-W","118.20","1,000","118,200.00","已撤单","0@0.00","2025/07/10 13:15:03 (香港)","限价单","当日有效","允许","","","","港股","HKD","","","","","","","","","","","","","","","","","","","","","","",""
"卖出","03690","美团-W","125.00","4,000","500,000.00","已撤单","0@0.00","2025/07/10 12:21:06 (香港)","限价单","撤单前有效","允许","","","","港股","HKD","","","","","","","","","","","","","","","","","","","","","","",""
"卖出","03690","美团-W","118.00","600","70,800.00","全部成交","600@118.00","2025/07/10 12:18:42 (香港)","限价单","撤单前有效","允许","","","","港股","HKD","","","","","200","118.00","23,600.00","2025/07/10 13:23:39 (香港)","港股","HKD","6998","","21.24","15","2.97","72","4","1.91","0.11","","","","117.23"
"","","","","","","","","","","","","","","","","","","","","","400","118.00","47,200.00","2025/07/10 13:23:37 (香港)","港股","HKD","6997","","","","","","","","","","","",""
"卖出","03690","美团-W","119.00","36","4,284.00","已撤单","0@0.00","2025/07/10 12:18:23 (香港)","碎股单","当日有效","不允许","","","","港股","HKD","","","","","","","","","","","","","","","","","","","","","","",""
"买入","06160","百济神州","152.80","100","15,280.00","全部成交","100@152.80","2025/07/10 10:56:10 (香港)","限价单","当日有效","允许","","","","港股","HKD","","","","","100","152.80","15,280.00","2025/07/10 10:56:10 (香港)","港股","HKD","5998","","4.58","15","0.64","16","0.86","0.41","0.02","","","","37.51"
"卖出","03690","美团-W","119.00","400","47,600.00","全部成交","400@119.00","2025/07/10 10:55:30 (香港)","限价单","当日有效","允许","","","","港股","HKD","","","","","300","119.00","35,700.00","2025/07/10 10:55:31 (香港)","港股","HKD","4480","","14.28","15","2","48","2.69","1.28","0.07","","","","83.32"
"","","","","","","","","","","","","","","","","","","","","","100","119.00","11,900.00","2025/07/10 10:55:31 (香港)","港股","HKD","5818","","","","","","","","","","","",""
"买入","06160","百济神州","150.00","300","45,000.00","已撤单","0@0.00","2025/07/10 09:58:17 (香港)","限价单","撤单前有效","允许","","","","港股","HKD","","","","","","","","","","","","","","","","","","","","","","",""
"买入","06160","百济神州","155.00","100","15,500.00","全部成交","100@155.00","2025/07/10 09:55:19 (香港)","限价单","当日有效","允许","","","","港股","HKD","","","","","100","155.00","15,500.00","2025/07/10 09:55:41 (香港)","港股","HKD","2085","","4.65","15","0.65","16","0.88","0.42","0.02","","","","37.62"
"卖出","09988","阿里巴巴-W","102.50","400","41,000.00","全部成交","400@102.50","2025/07/10 09:54:32 (香港)","限价单","当日有效","允许","","","","港股","HKD","","","","","200","102.50","20,500.00","2025/07/10 09:54:32 (香港)","港股","HKD","3187","","12.3","15","1.72","42","2.32","1.1","0.06","","","","74.5"
"","","","","","","","","","","","","","","","","","","","","","200","102.50","20,500.00","2025/07/10 09:54:32 (香港)","港股","HKD","5342","","","","","","","","","","","",""
"买入","06160","百济神州","154.00","100","15,400.00","已撤单","0@0.00","2025/07/10 09:48:25 (香港)","限价单","当日有效","允许","","","","港股","HKD","","","","","","","","","","","","","","","","","","","","","","",""
"买入","06160","百济神州","150.50","400","60,200.00","已撤单","0@0.00","2025/07/10 09:31:06 (香港)","限价单","撤单前有效","允许","","","","港股","HKD","","","","","","","","","","","","","","","","","","","","","","",""
"买入","06160","百济神州","154.40","100","15,440.00","全部成交","100@154.40","2025/07/10 09:30:49 (香港)","限价单","当日有效","允许","","","","港股","HKD","","","","","100","154.40","15,440.00","2025/07/10 09:30:49 (香港)","港股","HKD","8513","","4.63","30","0.65","16","0.87","0.42","0.02","","","","52.59"
"买入","06160","百济神州","150.00","300","45,000.00","已撤单","0@0.00","2025/07/10 09:25:44 (香港)","限价单","撤单前有效","允许","","","","港股","HKD","","","","","","","","","","","","","","","","","","","","","","",""
"买入","01066","威高股份","5.92","2,000","11,840.00","全部成交","2,000@5.92","2025/07/08 15:53:31 (香港)","限价单","当日有效","允许","","","","港股","HKD","","","","","2,000","5.92","11,840.00","2025/07/08 15:54:15 (香港)","港股","HKD","6996","","3.55","30","0.5","12","0.67","0.32","0.02","","","","47.06"
"买入","TSLA","特斯拉","293.77","10","2,937.70","全部成交","10@293.77","2025/07/07 04:38:34 (美东)","限价单","当日有效","","盘前+盘中+盘后","","","美股","USD","","","","","10","293.77","2,937.70","2025/07/07 04:38:41 (美东)","美股","USD","","","1.99","0","0.03","","","","","","","0","2.02"
"买入","TSLA","特斯拉","293.18","10","2,931.80","已撤单","0@0.00","2025/07/07 04:37:15 (美东)","限价单","当日有效","","盘前+盘中+盘后","","","美股","USD","","","","","","","","","","","","","","","","","","","","","","",""
"买入","00853","微创医疗","8.00","5,000","40,000.00","已撤单","0@0.00","2025/07/07 11:44:09 (香港)","限价单","撤单前有效","允许","","","","港股","HKD","","","","","","","","","","","","","","","","","","","","","","",""
"买入","00700","腾讯控股","490.00","200","98,000.00","已撤单","0@0.00","2025/07/04 09:36:20 (香港)","限价单","撤单前有效","允许","","","","港股","HKD","","","","","","","","","","","","","","","","","","","","","","",""
"买入","09988","阿里巴巴-W","100.00","500","50,000.00","已撤单","0@0.00","2025/07/03 14:49:44 (香港)","限价单","撤单前有效","允许","","","","港股","HKD","","","","","","","","","","","","","","","","","","","","","","",""
"买入","01810","小米集团-W","56.00","1,000","56,000.00","已撤单","0@0.00","2025/07/03 13:13:30 (香港)","限价单","撤单前有效","允许","","","","港股","HKD","","","","","","","","","","","","","","","","","","","","","","",""
"买入","03690","美团-W","125.00","500","62,500.00","全部成交","500@125.00","2025/07/02 11:27:53 (香港)","限价单","撤单前有效","允许","","","","港股","HKD","","","","","300","125.00","37,500.00","2025/07/02 13:41:33 (香港)","港股","HKD","9064","","18.75","30","2.63","63","3.53","1.69","0.1","","","","119.7"
"","","","","","","","","","","","","","","","","","","","","","200","125.00","25,000.00","2025/07/02 13:41:31 (香港)","港股","HKD","5346","","","","","","","","","","","",""
"买入","03690","美团-W","125.50","500","62,750.00","全部成交","500@125.50","2025/07/02 10:51:03 (香港)","限价单","当日有效","允许","","","","港股","HKD","","","","","500","125.50","62,750.00","2025/07/02 11:16:48 (香港)","港股","HKD","1499","","18.83","30","2.64","63","3.55","1.69","0.09","","","","119.8"
"买入","03690","美团-W","125.00","1,000","125,000.00","已撤单","0@0.00","2025/07/02 10:50:03 (香港)","限价单","当日有效","允许","","","","港股","HKD","","","","","","","","","","","","","","","","","","","","","","",""
"买入","03690","美团-W","125.00","1,000","125,000.00","全部成交","1,000@125.00","2025/07/02 10:45:49 (香港)","限价单","当日有效","允许","","","","港股","HKD","","","","","1,000","125.00","125,000.00","2025/07/02 10:46:59 (香港)","港股","HKD","2452","","37.5","30","5.25","125","7.06","3.38","0.19","","","","208.38"
"买入","TSLA","特斯拉","285.00","20","5,700.00","已撤单","0@0.00","2025/07/01 11:02:57 (美东)","限价单","撤单前有效","","盘前+盘中+盘后","","","美股","USD","","","","","","","","","","","","","","","","","","","","","","",""
"买入","OKLO","Oklo Inc","55.00","100","5,500.00","已撤单","0@0.00","2025/07/01 10:06:10 (美东)","限价单","撤单前有效","","盘前+盘中+盘后","","","美股","USD","","","","","","","","","","","","","","","","","","","","","","",""
"买入","META","Meta Platforms","695.00","10","6,950.00","全部成交","10@695.00","2025/07/01 10:02:12 (美东)","限价单","撤单前有效","","盘中","","","美股","USD","","","","","10","695.00","6,950.00","2025/07/18 10:01:24 (美东)","美股","USD","","","1.99","0","0.03","","","","","","","0","2.02"
"买入","META","Meta Platforms","695.00","10","6,950.00","已撤单","0@0.00","2025/07/01 10:01:47 (美东)","限价单","撤单前有效","","盘前+盘中+盘后","","","美股","USD","","","","","","","","","","","","","","","","","","","","","","",""
"买入","TSLA","特斯拉","260.00","50","13,000.00","已撤单","0@0.00","2025/07/01 09:59:24 (美东)","限价单","撤单前有效","","盘前+盘中+盘后","","","美股","USD","","","","","","","","","","","","","","","","","","","","","","",""
"买入","HIMS","Hims & Hers Health","50.00","50","2,500.00","全部成交","50@50.00","2025/06/28 23:23:49 (美东)","限价单","撤单前有效","","盘前+盘中+盘后","","","美股","USD","","","","","50","50.00","2,500.00","2025/07/17 14:27:02 (美东)","美股","USD","","","1.99","0","0.15","","","","","","","0","2.14"
"买入","VSAT","卫讯公司","14.60","10","146.00","全部成交","10@14.60","2025/06/28 23:00:44 (美东)","限价单","撤单前有效","","盘前+盘中+盘后","","","美股","USD","","","","","10","14.60","146.00","2025/06/30 09:33:18 (美东)","美股","USD","","","1.99","0","0.03","","","","","","","0","2.02"
"买入","TSLA","特斯拉","300.00","30","9,000.00","全部成交","30@297.38","2025/06/28 22:50:53 (美东)","限价单","撤单前有效","","盘中","","","美股","USD","","","","","30","297.38","8,921.40","2025/07/01 09:30:11 (美东)","美股","USD","","","1.99","0","0.09","","","","","","","0","2.08"
"买入","TMDX","TransMedics","131.98","1","131.98","全部成交","1@131.98","2025/06/27 13:02:46 (美东)","限价单","当日有效","","盘前+盘中+盘后","","","美股","USD","","","","","1","131.98","131.98","2025/06/27 13:03:12 (美东)","美股","USD","","","1.99","0","0","","","","","","","0","1.99"
"买入","RCAT","Red Cat Holdings","7.27","20","145.40","全部成交","20@7.2698","2025/06/27 13:01:40 (美东)","限价单","当日有效","","盘前+盘中+盘后","","","美股","USD","","","","","20","7.2698","145.40","2025/06/27 13:01:41 (美东)","美股","USD","","","1.99","0","0.06","","","","","","","0","2.05"
"买入","RCAT","Red Cat Holdings","7.27","20","145.40","全部成交","20@7.27","2025/06/27 13:01:34 (美东)","限价单","当日有效","","盘前+盘中+盘后","","","美股","USD","","","","","20","7.27","145.40","2025/06/27 13:01:41 (美东)","美股","USD","","","1.99","0","0.06","","","","","","","0","2.05"
"买入","OKLO","Oklo Inc","56.99","2","113.98","全部成交","2@56.9686","2025/06/27 13:00:37 (美东)","限价单","当日有效","","盘前+盘中+盘后","","","美股","USD","","","","","2","56.9686","113.94","2025/06/27 13:00:37 (美东)","美股","USD","","","1.99","0","0.01","","","","","","","0","2"
"卖出","OXY","西方石油","42.62","5","213.10","全部成交","5@42.62","2025/06/27 12:39:40 (美东)","限价单","当日有效","","盘前+盘中+盘后","","","美股","USD","","","","","5","42.62","213.10","2025/06/27 12:40:04 (美东)","美股","USD","","","1.99","0","0.02","","","","","","0.01","0","2.02"
"买入","PLTR","Palantir","120.00","50","6,000.00","已撤单","0@0.00","2025/06/27 12:34:49 (美东)","限价单","撤单前有效","","盘前+盘中+盘后","","","美股","USD","","","","","","","","","","","","","","","","","","","","","","",""
"卖出","AMD","美国超微公司","市价","100","13,969.01","全部成交","100@139.6901","2025/06/27 09:55:25 (美东)","止损市价单","撤单前有效","","盘中","140.00","不允许","美股","USD","","","","","100","139.6901","13,969.01","2025/07/01 09:30:09 (美东)","美股","USD","","","1.99","0","0.3","","","","","","0.02","0","2.31"
"卖出","AMD","美国超微公司","155.00","100","15,500.00","已撤单","0@0.00","2025/06/27 09:55:25 (美东)","限价单","撤单前有效","","盘中","","","美股","USD","","","","","","","","","","","","","","","","","","","","","","",""
"买入","HIMS","Hims & Hers Health","49.00","10","490.00","全部成交","10@49.00","2025/06/27 09:50:19 (美东)","限价单","当日有效","","盘前+盘中+盘后","","","美股","USD","","","","","10","49.00","490.00","2025/06/27 09:52:02 (美东)","美股","USD","","","1.99","0","0.03","","","","","","","0","2.02"
"买入","HIMS","Hims & Hers Health","48.00","30","1,440.00","已撤单","0@0.00","2025/06/27 09:49:21 (美东)","限价单","当日有效","","盘前+盘中+盘后","","","美股","USD","","","","","","","","","","","","","","","","","","","","","","",""
"买入","HIMS","Hims & Hers Health","45.00","100","4,500.00","已撤单","0@0.00","2025/06/27 09:46:42 (美东)","限价单","撤单前有效","","盘前+盘中+盘后","","","美股","USD","","","","","","","","","","","","","","","","","","","","","","",""
"买入","01810","小米集团-W","57.00","1,000","57,000.00","全部成交","1,000@57.00","2025/06/25 09:43:10 (香港)","限价单","当日有效","允许","","","","港股","HKD","","","","","1,000","57.00","57,000.00","2025/06/25 09:52:31 (香港)","港股","HKD","3532","","17.1","15","2","57","3.22","1.54","0.09","","","","95.95"
"买入","RKLB","Rocket Lab","28.50","400","11,400.00","下单失败","0@0.00","2025/06/24 11:35:02 (美东)","限价单","撤单前有效","","盘前+盘中+盘后","","","美股","USD","","","","","","","","","","","","","","","","","","","","","","",""
"买入","RKLB","Rocket Lab","28.50","200","5,700.00","已撤单","0@0.00","2025/06/24 11:34:59 (美东)","限价单","撤单前有效","","盘前+盘中+盘后","","","美股","USD","","","","","","","","","","","","","","","","","","","","","","",""
"买入","HIMS","Hims & Hers Health","43.81","100","4,381.00","全部成交","100@43.81","2025/06/24 11:33:16 (美东)","限价单","当日有效","","盘前+盘中+盘后","","","美股","USD","","","","","48","43.81","2,102.88","2025/06/24 11:34:16 (美东)","美股","USD","","","1.99","0","0.29","","","","","","","0","2.28"
"","","","","","","","","","","","","","","","","","","","","","18","43.81","788.58","2025/06/24 11:34:16 (美东)","美股","USD","","","","","","","","","","","","",""
"","","","","","","","","","","","","","","","","","","","","","34","43.81","1,489.54","2025/06/24 11:34:16 (美东)","美股","USD","","","","","","","","","","","","",""
"卖出","OXY","西方石油","43.06","100","4,306.00","全部成交","100@43.06","2025/06/24 11:32:44 (美东)","限价单","当日有效","","盘前+盘中+盘后","","","美股","USD","","","","","100","43.06","4,306.00","2025/06/24 11:32:49 (美东)","美股","USD","","","1.99","0","0.3","","","","","","0.02","0","2.31"
"买入","HIMS","Hims & Hers Health","43.78","10","437.80","全部成交","10@43.78","2025/06/24 11:27:30 (美东)","限价单","当日有效","","盘前+盘中+盘后","","","美股","USD","","","","","10","43.78","437.80","2025/06/24 11:28:06 (美东)","美股","USD","","","1.99","0","0.03","","","","","","","0","2.02"
"买入","HIMS","Hims & Hers Health","43.50","5","217.50","已撤单","0@0.00","2025/06/24 11:21:48 (美东)","限价单","当日有效","","盘前+盘中+盘后","","","美股","USD","","","","","","","","","","","","","","","","","","","","","","",""
"卖出","META","Meta Platforms","699.00","10","6,990.00","已撤单","0@0.00","2025/06/24 10:34:42 (美东)","止损限价单","撤单前有效","","盘中","699.00","不允许","美股","USD","","","","","","","","","","","","","","","","","","","","","","",""
"卖出","META","Meta Platforms","730.00","10","7,300.00","全部成交","10@730.00","2025/06/24 10:34:42 (美东)","限价单","撤单前有效","","盘中","","","美股","USD","","","","","10","730.00","7,300.00","2025/06/27 09:30:49 (美东)","美股","USD","","","1.99","0","0.03","","","","","","0.01","0","2.03"
"买入","AAPL","苹果","200.61","10","2,006.10","全部成交","10@200.605","2025/06/24 10:02:09 (美东)","限价单","当日有效","","盘前+盘中+盘后","","","美股","USD","","","","","10","200.605","2,006.05","2025/06/24 10:02:09 (美东)","美股","USD","","","1.99","0","0.03","","","","","","","0","2.02"
"买入","GOOG","谷歌-C","167.53","50","8,376.50","全部成交","50@167.53","2025/06/24 09:33:09 (美东)","限价单","当日有效","","盘前+盘中+盘后","","","美股","USD","","","","","50","167.53","8,376.50","2025/06/24 09:33:09 (美东)","美股","USD","","","1.99","0","0.15","","","","","","","0","2.14"
"买入","01810","小米集团-W","55.00","2,000","110,000.00","已撤单","0@0.00","2025/06/24 20:57:47 (香港)","限价单","撤单前有效","允许","","","","港股","HKD","","","","","","","","","","","","","","","","","","","","","","",""
"买入","GOOG","谷歌-C","166.50","50","8,325.00","已撤单","0@0.00","2025/06/24 05:37:35 (美东)","限价单","当日有效","","盘前+盘中+盘后","","","美股","USD","","","","","","","","","","","","","","","","","","","","","","",""
"买入","GOOG","谷歌-C","167.50","50","8,375.00","已撤单","0@0.00","2025/06/24 05:37:32 (美东)","限价单","当日有效","","盘前+盘中+盘后","","","美股","USD","","","","","","","","","","","","","","","","","","","","","","",""
"买入","02359","药明康德","71.00","2,000","142,000.00","已撤单","0@0.00","2025/06/24 13:15:18 (香港)","限价单","撤单前有效","允许","","","","港股","HKD","","","","","","","","","","","","","","","","","","","","","","",""
"买入","09988","阿里巴巴-W","113.30","300","33,990.00","全部成交","300@113.30","2025/06/24 13:13:54 (香港)","限价单","当日有效","允许","","","","港股","HKD","","","","","300","113.30","33,990.00","2025/06/24 13:13:54 (香港)","港股","HKD","1438","","10.2","15","2","34","1.92","0.92","0.05","","","","64.09"
"买入","GOOG","谷歌-C","153.00","200","30,600.00","已撤单","0@0.00","2025/06/23 11:01:11 (美东)","限价单","撤单前有效","","盘前+盘中+盘后","","","美股","USD","","","","","","","","","","","","","","","","","","","","","","",""
"买入","GOOG","谷歌-C","167.65","100","16,765.00","全部成交","100@167.65","2025/06/23 10:38:50 (美东)","限价单","当日有效","","盘前+盘中+盘后","","","美股","USD","","","","","100","167.65","16,765.00","2025/06/23 10:38:51 (美东)","美股","USD","","","1.99","0","0.3","","","","","","","0","2.29"
"买入","PDD","拼多多","100.00","10","1,000.00","已撤单","0@0.00","2025/06/23 09:38:55 (美东)","限价单","当日有效","","盘前+盘中+盘后","","","美股","USD","","","","","","","","","","","","","","","","","","","","","","",""
"卖出","AMD","美国超微公司","130.24","50","6,512.00","全部成交","50@130.2587","2025/06/23 09:36:22 (美东)","限价单","当日有效","","盘前+盘中+盘后","","","美股","USD","","","","","50","130.2587","6,512.94","2025/06/23 09:36:22 (美东)","美股","USD","","","1.99","0","0.15","","","","","","0.01","0","2.15"
"卖出","AMD","美国超微公司","130.16","20","2,603.20","全部成交","20@130.19","2025/06/23 09:34:39 (美东)","限价单","当日有效","","盘前+盘中+盘后","","","美股","USD","","","","","20","130.19","2,603.80","2025/06/23 09:34:44 (美东)","美股","USD","","","1.99","0","0.06","","","","","","0.01","0","2.06"
"买入","AMD","美国超微公司","113.00","120","13,560.00","已撤单","0@0.00","2025/06/21 11:12:07 (美东)","限价单","撤单前有效","","盘中","","","美股","USD","","","","","","","","","","","","","","","","","","","","","","",""
"卖出","AMD","美国超微公司","125.90","120","15,108.00","已撤单","0@0.00","2025/06/21 11:11:29 (美东)","止损限价单","撤单前有效","","盘中","126.00","允许","美股","USD","","","","","","","","","","","","","","","","","","","","","","",""
"买入","META","Meta Platforms","641.00","30","19,230.00","已撤单","0@0.00","2025/06/21 10:53:38 (美东)","限价单","撤单前有效","","盘中","","","美股","USD","","","","","","","","","","","","","","","","","","","","","","",""
"买入","GOOG","谷歌-C","152.00","100","15,200.00","已撤单","0@0.00","2025/06/21 10:51:16 (美东)","限价单","撤单前有效","","盘中","","","美股","USD","","","","","","","","","","","","","","","","","","","","","","",""
"卖出","02359","药明康德","73.20","2,000","146,400.00","全部成交","2,000@73.20","2025/06/20 15:46:52 (香港)","限价单","当日有效","允许","","","","港股","HKD","","","","","900","73.20","65,880.00","2025/06/20 15:46:53 (香港)","港股","HKD","757","","43.92","15","6","148","8.27","3.96","0.22","","","","225.37"
"","","","","","","","","","","","","","","","","","","","","","1,000","73.20","73,200.00","2025/06/20 15:46:53 (香港)","港股","HKD","8471","","","","","","","","","","","",""
"","","","","","","","","","","","","","","","","","","","","","100","73.20","7,320.00","2025/06/20 15:46:53 (香港)","港股","HKD","6432","","","","","","","","","","","",""
"卖出","02382","舜宇光学科技","64.65","1,000","64,650.00","全部成交","1,000@64.65","2025/06/20 14:10:21 (香港)","限价单","当日有效","允许","","","","港股","HKD","","","","","1,000","64.65","64,650.00","2025/06/20 14:11:19 (香港)","港股","HKD","6999","","19.4","15","2","65","3.65","1.75","0.1","","","","106.9"
"卖出","01810","小米集团-W","53.45","2,000","106,900.00","全部成交","2,000@53.45","2025/06/20 14:10:07 (香港)","限价单","当日有效","允许","","","","港股","HKD","","","","","1,200","53.45","64,140.00","2025/06/20 14:11:24 (香港)","港股","HKD","5999","","32.07","15","4","108","6.04","2.88","0.16","","","","168.15"
"","","","","","","","","","","","","","","","","","","","","","800","53.45","42,760.00","2025/06/20 14:11:18 (香港)","港股","HKD","5999","","","","","","","","","","","",""
"卖出","02359","药明康德","73.35","2,000","146,700.00","全部成交","2,000@73.35","2025/06/20 13:58:09 (香港)","限价单","当日有效","允许","","","","港股","HKD","","","","","2,000","73.35","146,700.00","2025/06/20 14:12:33 (香港)","港股","HKD","6432","","44.01","15","2.93","147","8.29","3.96","0.22","","","","221.41"
"买入","00175","吉利汽车","16.00","1,000","16,000.00","全部成交","1,000@16.00","2025/06/20 10:06:48 (香港)","限价单","当日有效","允许","","","","港股","HKD","","","","","1,000","16.00","16,000.00","2025/06/20 10:21:25 (香港)","港股","HKD","1453","","4.8","15","2","16","0.9","0.43","0.02","","","","39.15"
"买入","00175","吉利汽车","16.00","1,000","16,000.00","全部成交","1,000@16.00","2025/06/20 09:39:30 (香港)","限价单","当日有效","允许","","","","港股","HKD","","","","","1,000","16.00","16,000.00","2025/06/20 09:39:30 (香港)","港股","HKD","8564","","4.8","15","2","16","0.9","0.43","0.02","","","","39.15"
"卖出","GOOG","谷歌-C","市价","100","16,799.50","全部成交","100@167.995","2025/06/19 02:16:47 (美东)","止损市价单","撤单前有效","","盘中","168.00","允许","美股","USD","","","","","100","167.995","16,799.50","2025/06/20 15:39:18 (美东)","美股","USD","","","1.99","0","0.3","","","","","","0.02","0","2.31"
"卖出","AAPL","苹果","209.00","130","27,170.00","全部成交","130@209.00","2025/06/19 02:15:25 (美东)","止损限价单","撤单前有效","","盘中","209.00","允许","美股","USD","","","","","130","209.00","27,170.00","2025/07/30 14:50:33 (美东)","美股","USD","","","1.99","0","0.39","","","","","","0.02","0.01","2.41"
"卖出","META","Meta Platforms","682.50","30","20,475.00","全部成交","30@682.995","2025/06/19 02:13:59 (美东)","止损限价单","撤单前有效","","盘中","683.00","允许","美股","USD","","","","","30","682.995","20,489.85","2025/06/20 13:36:02 (美东)","美股","USD","","","1.99","0","0.09","","","","","","0.01","0","2.09"
"卖出","META","Meta Platforms","682.50","30","20,475.00","已撤单","0@0.00","2025/06/19 02:13:57 (美东)","止损限价单","撤单前有效","","盘中","683.00","允许","美股","USD","","","","","","","","","","","","","","","","","","","","","","",""
"买入","AAPL","苹果","197.21","20","3,944.20","全部成交","20@197.2099","2025/06/18 10:28:13 (美东)","限价单","当日有效","","盘前+盘中+盘后","","","美股","USD","","","","","20","197.2099","3,944.20","2025/06/18 10:28:13 (美东)","美股","USD","","","1.99","0","0.06","","","","","","","0","2.05"
"卖出","AMD","美国超微公司","126.80","120","15,216.00","已撤单","0@0.00","2025/06/18 07:03:12 (美东)","止损限价单","撤单前有效","","盘中","127.00","允许","美股","USD","","","","","","","","","","","","","","","","","","","","","","",""
"卖出","PDD","拼多多","触及市价","90","0.00","已撤单","0@0.00","2025/06/17 11:35:57 (美东)","止损市价单","撤单前有效","","盘中","106.00","不允许","美股","USD","","","","","","","","","","","","","","","","","","","","","","",""
"卖出","PDD","拼多多","118.00","50","5,900.00","已撤单","0@0.00","2025/06/17 11:35:57 (美东)","限价单","撤单前有效","","盘中","","","美股","USD","","","","","","","","","","","","","","","","","","","","","","",""
"买入","AAPL","苹果","197.45","20","3,949.00","全部成交","20@197.45","2025/06/16 09:53:16 (美东)","限价单","当日有效","","盘前+盘中+盘后","","","美股","USD","","","","","20","197.45","3,949.00","2025/06/16 09:53:20 (美东)","美股","USD","","","1.99","0","0.06","","","","","","","0","2.05"
"买入","AAPL","苹果","197.03","10","1,970.30","全部成交","10@197.03","2025/06/16 09:51:56 (美东)","限价单","当日有效","","盘前+盘中+盘后","","","美股","USD","","","","","10","197.03","1,970.30","2025/06/16 09:51:56 (美东)","美股","USD","","","1.99","0","0.03","","","","","","","0","2.02"
"买入","RKLB","Rocket Lab","26.16","10","261.60","全部成交","10@26.16","2025/06/16 09:44:45 (美东)","限价单","当日有效","","盘前+盘中+盘后","","","美股","USD","","","","","10","26.16","261.60","2025/06/16 09:44:45 (美东)","美股","USD","","","1.99","0","0.03","","","","","","","0","2.02"
"卖出","DIS","迪士尼","117.60","50","5,880.00","全部成交","50@117.63","2025/06/13 09:57:27 (美东)","限价单","当日有效","","盘前+盘中+盘后","","","美股","USD","","","","","50","117.63","5,881.50","2025/06/13 09:58:05 (美东)","美股","USD","","","1.99","0","0.15","","","","","","0.01","0","2.15"
"买入","OXY","西方石油","45.73","100","4,573.00","全部成交","100@45.73","2025/06/13 09:55:25 (美东)","限价单","当日有效","","盘前+盘中+盘后","","","美股","USD","","","","","100","45.73","4,573.00","2025/06/13 09:55:27 (美东)","美股","USD","","","1.99","0","0.3","","","","","","","0","2.29"
"买入","00175","吉利汽车","16.20","3,000","48,600.00","全部成交","3,000@16.20","2025/06/13 13:20:28 (香港)","限价单","撤单前有效","允许","","","","港股","HKD","","","","","3,000","16.20","48,600.00","2025/06/18 15:47:12 (香港)","港股","HKD","3278","","14.58","30","2","49","2.75","1.31","0.07","","","","99.71"
"买入","AMD","美国超微公司","121.00","20","2,420.00","全部成交","20@121.00","2025/06/12 12:12:40 (美东)","限价单","撤单前有效","","盘前+盘中+盘后","","","美股","USD","","","","","20","121.00","2,420.00","2025/06/12 12:24:31 (美东)","美股","USD","","","1.99","0","0.06","","","","","","","0","2.05"
"买入","TSLA","特斯拉","290.00","30","8,700.00","已撤单","0@0.00","2025/06/12 11:56:18 (美东)","限价单","撤单前有效","","盘前+盘中+盘后","","","美股","USD","","","","","","","","","","","","","","","","","","","","","","",""
"卖出","TSLA","特斯拉","325.37","19","6,182.03","全部成交","19@325.475","2025/06/12 11:52:08 (美东)","限价单","当日有效","","盘前+盘中+盘后","","","美股","USD","","","","","19","325.475","6,184.03","2025/06/12 11:52:08 (美东)","美股","USD","","","1.99","0","0.06","","","","","","0.01","0","2.06"
"卖出","DIS","迪士尼","114.00","50","5,700.00","已撤单","0@0.00","2025/06/11 12:09:00 (美东)","止损限价单","撤单前有效","","盘中","114.00","允许","美股","USD","","","","","","","","","","","","","","","","","","","","","","",""
"买入","AMD","美国超微公司","103.00","100","10,300.00","已撤单","0@0.00","2025/06/11 12:07:31 (美东)","限价单","撤单前有效","","盘中","","","美股","USD","","","","","","","","","","","","","","","","","","","","","","",""
"买入","AMD","美国超微公司","110.00","50","5,500.00","已撤单","0@0.00","2025/06/11 12:05:19 (美东)","限价单","撤单前有效","","盘中","","","美股","USD","","","","","","","","","","","","","","","","","","","","","","",""
"卖出","TSLA","特斯拉","319.80","19","6,076.20","已撤单","0@0.00","2025/06/11 12:03:33 (美东)","止损限价单","撤单前有效","","盘中","320.00","允许","美股","USD","","","","","","","","","","","","","","","","","","","","","","",""
"买入","DIS","迪士尼","108.00","50","5,400.00","已撤单","0@0.00","2025/06/10 11:06:44 (美东)","限价单","撤单前有效","","盘中","","","美股","USD","","","","","","","","","","","","","","","","","","","","","","",""
"买入","RKLB","Rocket Lab","23.00","200","4,600.00","已撤单","0@0.00","2025/06/10 10:41:38 (美东)","限价单","撤单前有效","","盘前+盘中+盘后","","","美股","USD","","","","","","","","","","","","","","","","","","","","","","",""
"买入","PDD","拼多多","101.20","10","1,012.00","全部成交","10@101.20","2025/06/10 10:13:49 (美东)","限价单","当日有效","","盘前+盘中+盘后","","","美股","USD","","","","","10","101.20","1,012.00","2025/06/10 10:15:13 (美东)","美股","USD","","","1.99","0","0.03","","","","","","","0","2.02"
"买入","RKLB","Rocket Lab","28.86","10","288.60","全部成交","10@28.86","2025/06/10 09:59:43 (美东)","限价单","当日有效","","盘前+盘中+盘后","","","美股","USD","","","","","10","28.86","288.60","2025/06/10 09:59:44 (美东)","美股","USD","","","1.99","0","0.03","","","","","","","0","2.02"
"卖出","META","Meta Platforms","710.00","10","7,100.00","全部成交","10@710.00","2025/06/10 08:16:44 (美东)","限价单","撤单前有效","","盘前+盘中+盘后","","","美股","USD","","","","","10","710.00","7,100.00","2025/06/24 09:31:25 (美东)","美股","USD","","","1.99","0","0.03","","","","","","0.01","0","2.03"
"卖出","META","Meta Platforms","702.00","10","7,020.00","全部成交","10@702.00","2025/06/10 08:16:16 (美东)","限价单","当日有效","","盘前+盘中+盘后","","","美股","USD","","","","","10","702.00","7,020.00","2025/06/10 08:45:10 (美东)","美股","USD","","","1.99","0","0.03","","","","","","0.01","0","2.03"
"买入","TSLA","特斯拉","294.15","4","1,176.60","全部成交","4@293.99","2025/06/09 12:15:12 (美东)","限价单","当日有效","","盘前+盘中+盘后","","","美股","USD","","","","","4","293.99","1,175.96","2025/06/09 12:15:13 (美东)","美股","USD","","","1.99","0","0.01","","","","","","","0","2"
"买入","TSLA","特斯拉","275.00","20","5,500.00","已撤单","0@0.00","2025/06/06 09:49:34 (美东)","限价单","撤单前有效","","盘前+盘中+盘后","","","美股","USD","","","","","","","","","","","","","","","","","","","","","","",""
"买入","TSLA","特斯拉","299.00","10","2,990.00","全部成交","10@298.9845","2025/06/06 09:44:53 (美东)","限价单","当日有效","","盘前+盘中+盘后","","","美股","USD","","","","","10","298.9845","2,989.85","2025/06/06 09:45:16 (美东)","美股","USD","","","1.99","0","0.03","","","","","","","0","2.02"
"买入","02359","药明康德","67.00","1,000","67,000.00","已撤单","0@0.00","2025/06/06 10:13:10 (香港)","限价单","撤单前有效","允许","","","","港股","HKD","","","","","","","","","","","","","","","","","","","","","","",""
"买入","00175","吉利汽车","17.20","3,000","51,600.00","全部成交","3,000@17.20","2025/06/06 10:11:21 (香港)","限价单","撤单前有效","允许","","","","港股","HKD","","","","","3,000","17.20","51,600.00","2025/06/12 09:30:03 (香港)","港股","HKD","4487","","15.48","30","2","52","2.92","1.39","0.08","","","","103.87"
"买入","TSLA","特斯拉","279.51","5","1,397.55","全部成交","5@279.42","2025/06/05 17:05:58 (美东)","限价单","当日有效","","盘前+盘中+盘后","","","美股","USD","","","","","5","279.42","1,397.10","2025/06/05 17:05:59 (美东)","美股","USD","","","1.99","0","0.02","","","","","","","0","2.01"
"买入","PDD","拼多多","99.57","10","995.70","全部成交","10@99.57","2025/06/05 11:55:16 (美东)","限价单","当日有效","","盘前+盘中+盘后","","","美股","USD","","","","","10","99.57","995.70","2025/06/05 11:55:17 (美东)","美股","USD","","","1.99","0","0.03","","","","","","","0","2.02"
"买入","00175","吉利汽车","17.64","2,000","35,280.00","全部成交","2,000@17.64","2025/06/03 13:30:25 (香港)","限价单","当日有效","允许","","","","港股","HKD","","","","","2,000","17.64","35,280.00","2025/06/03 13:32:16 (香港)","港股","HKD","6997","","10.58","30","2","36","1.99","0.95","0.05","","","","81.57"
"买入","02359","药明康德","70.00","1,000","70,000.00","全部成交","1,000@70.00","2025/06/03 09:32:55 (香港)","限价单","当日有效","允许","","","","港股","HKD","","","","","1,000","70.00","70,000.00","2025/06/03 09:40:44 (香港)","港股","HKD","2078","","21","30","2","70","3.96","1.89","0.11","","","","128.96"
"买入","02359","药明康德","69.85","1,000","69,850.00","全部成交","1,000@69.85","2025/06/03 09:32:31 (香港)","限价单","当日有效","允许","","","","港股","HKD","","","","","700","69.85","48,895.00","2025/06/03 09:32:31 (香港)","港股","HKD","5337","","20.96","30","4","70","3.94","1.89","0.1","","","","130.89"
"","","","","","","","","","","","","","","","","","","","","","300","69.85","20,955.00","2025/06/03 09:32:31 (香港)","港股","HKD","8471","","","","","","","","","","","",""
"买入","00175","吉利汽车","16.00","5,000","80,000.00","已撤单","0@0.00","2025/06/02 11:38:29 (香港)","限价单","撤单前有效","允许","","","","港股","HKD","","","","","","","","","","","","","","","","","","","","","","",""
"买入","01810","小米集团-W","45.00","1,000","45,000.00","已撤单","0@0.00","2025/06/02 11:00:38 (香港)","限价单","撤单前有效","允许","","","","港股","HKD","","","","","","","","","","","","","","","","","","","","","","",""
"买入","PDD","拼多多","96.25","10","962.50","全部成交","10@96.25","2025/05/30 10:08:51 (美东)","限价单","当日有效","","盘前+盘中+盘后","","","美股","USD","","","","","10","96.25","962.50","2025/05/30 10:08:59 (美东)","美股","USD","","","1.99","0","0.03","","","","","","","0","2.02"
"卖出","NVDA","英伟达","137.58","49","6,741.42","全部成交","49@137.5911","2025/05/30 09:39:51 (美东)","限价单","当日有效","","盘前+盘中+盘后","","","美股","USD","","","","","49","137.5911","6,741.96","2025/05/30 09:39:51 (美东)","美股","USD","","","1.99","0","0.15","","","","","","0.01","0","2.15"
"买入","02382","舜宇光学科技","60.45","500","30,225.00","全部成交","500@60.45","2025/05/30 15:04:08 (香港)","限价单","当日有效","允许","","","","港股","HKD","","","","","500","60.45","30,225.00","2025/05/30 15:07:03 (香港)","港股","HKD","6999","","9.07","15","2","31","1.71","0.82","0.05","","","","59.65"
"卖出","02359","药明康德","68.95","1,000","68,950.00","全部成交","1,000@68.95","2025/05/30 14:53:38 (香港)","限价单","当日有效","允许","","","","港股","HKD","","","","","300","68.95","20,685.00","2025/05/30 14:53:38 (香港)","港股","HKD","6448","","20.69","15","8","70","3.9","1.86","0.1","","","","119.55"
"","","","","","","","","","","","","","","","","","","","","","100","68.95","6,895.00","2025/05/30 14:53:38 (香港)","港股","HKD","6432","","","","","","","","","","","",""
"","","","","","","","","","","","","","","","","","","","","","200","68.95","13,790.00","2025/05/30 14:53:38 (香港)","港股","HKD","1438","","","","","","","","","","","",""
"","","","","","","","","","","","","","","","","","","","","","400","68.95","27,580.00","2025/05/30 14:53:38 (香港)","港股","HKD","6449","","","","","","","","","","","",""
"买入","00700","腾讯控股","497.20","27","13,424.40","全部成交","27@497.20","2025/05/30 14:39:30 (香港)","碎股单","当日有效","不允许","","","","港股","HKD","","","","","27","497.20","13,424.40","2025/05/30 15:24:30 (香港)","港股","HKD","3011","","4.03","15","2","14","0.76","0.36","0.02","","","","36.17"
"买入","00700","腾讯控股","497.20","33","16,407.60","已撤单","0@0.00","2025/05/30 14:38:34 (香港)","碎股单","撤单前有效","不允许","","","","港股","HKD","","","","","","","","","","","","","","","","","","","","","","",""
"买入","00700","腾讯控股","497.20","200","99,440.00","全部成交","200@497.20","2025/05/30 14:37:53 (香港)","限价单","当日有效","允许","","","","港股","HKD","","","","","200","497.20","99,440.00","2025/05/30 14:38:05 (香港)","港股","HKD","5334","","29.83","15","2","100","5.62","2.68","0.15","","","","155.28"
"卖出","02359","药明康德","69.10","3,000","207,300.00","全部成交","3,000@69.10","2025/05/30 14:36:15 (香港)","限价单","当日有效","允许","","","","港股","HKD","","","","","1,100","69.10","76,010.00","2025/05/30 14:37:33 (香港)","港股","HKD","6968","","62.19","15","4.63","209","11.71","5.59","0.31","","","","308.43"
"","","","","","","","","","","","","","","","","","","","","","1,900","69.10","131,290.00","2025/05/30 14:37:33 (香港)","港股","HKD","3436","","","","","","","","","","","",""
"买入","PDD","拼多多","98.69","10","986.90","全部成交","10@98.69","2025/05/29 10:39:58 (美东)","限价单","当日有效","","盘前+盘中+盘后","","","美股","USD","","","","","10","98.69","986.90","2025/05/29 10:40:10 (美东)","美股","USD","","","1.99","0","0.03","","","","","","","0","2.02"
"买入","00175","吉利汽车","17.00","5,000","85,000.00","已撤单","0@0.00","2025/05/29 18:18:39 (香港)","限价单","撤单前有效","允许","","","","港股","HKD","","","","","","","","","","","","","","","","","","","","","","",""
"买入","01810","小米集团-W","50.00","800","40,000.00","全部成交","800@50.00","2025/05/29 14:19:16 (香港)","限价单","撤单前有效","允许","","","","港股","HKD","","","","","800","50.00","40,000.00","2025/05/30 10:36:39 (香港)","港股","HKD","4452","","12","15","2","40","2.26","1.08","0.06","","","","72.4"
"卖出","PDD","拼多多","115.00","50","5,750.00","已撤单","0@0.00","2025/05/28 09:50:23 (美东)","限价单","撤单前有效","","盘中","","","美股","USD","","","","","","","","","","","","","","","","","","","","","","",""
"买入","02382","舜宇光学科技","58.00","500","29,000.00","已撤单","0@0.00","2025/05/28 12:39:42 (香港)","限价单","撤单前有效","允许","","","","港股","HKD","","","","","","","","","","","","","","","","","","","","","","",""
"买入","AMD","美国超微公司","114.86","50","5,743.00","全部成交","50@114.86","2025/05/27 10:49:47 (美东)","限价单","当日有效","","盘前+盘中+盘后","","","美股","USD","","","","","50","114.86","5,743.00","2025/05/27 10:49:48 (美东)","美股","USD","","","1.99","0","0.15","","","","","","","0","2.14"
"买入","PDD","拼多多","98.73","10","987.30","全部成交","10@98.73","2025/05/27 09:59:09 (美东)","限价单","当日有效","","盘前+盘中+盘后","","","美股","USD","","","","","10","98.73","987.30","2025/05/27 09:59:09 (美东)","美股","USD","","","1.99","0","0.03","","","","","","","0","2.02"
"卖出","PLTR","Palantir","125.76","10","1,257.60","全部成交","10@125.76","2025/05/27 09:41:32 (美东)","限价单","当日有效","","盘前+盘中+盘后","","","美股","USD","","","","","10","125.76","1,257.60","2025/05/27 09:41:32 (美东)","美股","USD","","","1.99","0","0.03","","","","","","0.01","0","2.03"
"买入","PDD","拼多多","98.00","20","1,960.00","全部成交","20@98.00","2025/05/27 09:41:11 (美东)","限价单","当日有效","","盘前+盘中+盘后","","","美股","USD","","","","","20","98.00","1,960.00","2025/05/27 09:41:12 (美东)","美股","USD","","","1.99","0","0.06","","","","","","","0","2.05"
"买入","PDD","拼多多","95.00","30","2,850.00","已撤单","0@0.00","2025/05/27 09:39:14 (美东)","限价单","当日有效","","盘前+盘中+盘后","","","美股","USD","","","","","","","","","","","","","","","","","","","","","","",""
"买入","PDD","拼多多","98.00","20","1,960.00","全部成交","20@98.00","2025/05/27 09:37:13 (美东)","限价单","当日有效","","盘前+盘中+盘后","","","美股","USD","","","","","20","98.00","1,960.00","2025/05/27 09:37:55 (美东)","美股","USD","","","1.99","0","0.06","","","","","","","0","2.05"
"买入","01810","小米集团-W","45.00","2,000","90,000.00","已撤单","0@0.00","2025/05/26 17:37:08 (香港)","限价单","撤单前有效","允许","","","","港股","HKD","","","","","","","","","","","","","","","","","","","","","","",""
"买入","01810","小米集团-W","48.00","800","38,400.00","已撤单","0@0.00","2025/05/26 17:36:45 (香港)","限价单","撤单前有效","允许","","","","港股","HKD","","","","","","","","","","","","","","","","","","","","","","",""
"买入","03690","美团-W","125.00","1,000","125,000.00","已撤单","0@0.00","2025/05/26 17:27:24 (香港)","限价单","撤单前有效","允许","","","","港股","HKD","","","","","","","","","","","","","","","","","","","","","","",""
"买入","02382","舜宇光学科技","60.00","500","30,000.00","全部成交","500@60.00","2025/05/26 14:36:57 (香港)","限价单","撤单前有效","允许","","","","港股","HKD","","","","","500","60.00","30,000.00","2025/05/28 10:11:03 (香港)","港股","HKD","5998","","9","30","2","30","1.7","0.81","0.05","","","","73.56"
"买入","01810","小米集团-W","48.00","800","38,400.00","已撤单","0@0.00","2025/05/26 14:30:05 (香港)","限价单","撤单前有效","允许","","","","港股","HKD","","","","","","","","","","","","","","","","","","","","","","",""
"买入","02359","药明康德","60.00","1,000","60,000.00","已撤单","0@0.00","2025/05/26 14:29:09 (香港)","限价单","撤单前有效","允许","","","","港股","HKD","","","","","","","","","","","","","","","","","","","","","","",""
"买入","02382","舜宇光学科技","58.00","500","29,000.00","已撤单","0@0.00","2025/05/26 14:28:37 (香港)","限价单","撤单前有效","允许","","","","港股","HKD","","","","","","","","","","","","","","","","","","","","","","",""
"买入","02359","药明康德","60.00","1,000","60,000.00","已撤单","0@0.00","2025/05/26 12:41:46 (香港)","限价单","撤单前有效","允许","","","","港股","HKD","","","","","","","","","","","","","","","","","","","","","","",""
"买入","02382","舜宇光学科技","58.00","1,000","58,000.00","已撤单","0@0.00","2025/05/26 12:40:12 (香港)","限价单","撤单前有效","允许","","","","港股","HKD","","","","","","","","","","","","","","","","","","","","","","",""
"买入","03690","美团-W","市价","200","26,040.00","全部成交","200@130.20","2025/05/26 09:42:32 (香港)","市价单","当日有效","","","","","港股","HKD","","","","","200","130.20","26,040.00","2025/05/26 09:42:33 (香港)","港股","HKD","763","","7.81","30","2","27","1.47","0.7","0.04","","","","69.02"
"买入","AMD","美国超微公司","112.14","30","3,364.20","全部成交","30@112.14","2025/05/22 09:55:42 (美东)","限价单","当日有效","","盘前+盘中+盘后","","","美股","USD","","","","","30","112.14","3,364.20","2025/05/22 09:55:48 (美东)","美股","USD","","","1.99","0","0.09","","","","","","","","2.08"
"卖出","TSLA","特斯拉","338.03","9","3,042.27","全部成交","9@338.09","2025/05/22 09:55:12 (美东)","限价单","当日有效","","盘前+盘中+盘后","","","美股","USD","","","","","9","338.09","3,042.81","2025/05/22 09:55:12 (美东)","美股","USD","","","1.99","0","0.03","","","","","","0.01","","2.03"
"买入","AAPL","苹果","200.73","10","2,007.30","全部成交","10@200.715","2025/05/22 09:50:50 (美东)","限价单","当日有效","","盘前+盘中+盘后","","","美股","USD","","","","","10","200.715","2,007.15","2025/05/22 09:50:50 (美东)","美股","USD","","","1.99","0","0.03","","","","","","","","2.02"
"卖出","OXY","西方石油","40.42","75","3,031.50","全部成交","75@40.42","2025/05/22 09:50:30 (美东)","限价单","当日有效","","盘前+盘中+盘后","","","美股","USD","","","","","75","40.42","3,031.50","2025/05/22 09:50:33 (美东)","美股","USD","","","1.99","0","0.23","","","","","","0.01","","2.23"
"卖出","NIU","小牛电动","3.59","20","71.80","全部成交","20@3.59","2025/05/22 09:49:38 (美东)","限价单","当日有效","","盘前+盘中+盘后","","","美股","USD","","","","","20","3.59","71.80","2025/05/22 09:49:38 (美东)","美股","USD","","","1.99","0","0.06","","","","","","0.01","","2.06"
"买入","03690","美团-W","134.00","500","67,000.00","全部成交","500@132.90","2025/05/20 00:32:58 (香港)","限价单","撤单前有效","允许","","","","港股","HKD","","","","","500","132.90","66,450.00","2025/05/20 09:20:05 (香港)","港股","HKD","2845","","19.94","30","2","67","3.75","1.79","0.1","","","","124.58"
"卖出","00700","腾讯控股","530.00","300","159,000.00","已撤单","0@0.00","2025/05/15 09:54:30 (香港)","限价单","当日有效","允许","","","","港股","HKD","","","","","","","","","","","","","","","","","","","","","","",""
"卖出","00700","腾讯控股","540.00","200","108,000.00","已撤单","0@0.00","2025/05/15 09:25:39 (香港)","限价单","当日有效","允许","","","","港股","HKD","","","","","","","","","","","","","","","","","","","","","","",""
"卖出","00700","腾讯控股","550.00","500","275,000.00","全部成交","500@550.00","2025/05/14 23:47:16 (香港)","限价单","撤单前有效","允许","","","","港股","HKD","","","","","500","550.00","275,000.00","2025/07/23 13:02:15 (香港)","港股","HKD","3278","","82.5","10","11.55","275","15.54","7.43","0.41","","","","402.43"
"买入","AAPL","苹果","202.00","30","6,060.00","全部成交","30@202.00","2025/05/13 12:27:45 (美东)","限价单","撤单前有效","","盘中","","","美股","USD","","","","","30","202.00","6,060.00","2025/05/21 13:30:01 (美东)","美股","USD","","","1.99","0","0.09","","","","","","","","2.08"
"买入","AAPL","苹果","211.35","10","2,113.50","全部成交","10@211.35","2025/05/13 11:04:18 (美东)","限价单","当日有效","","盘前+盘中+盘后","","","美股","USD","","","","","10","211.35","2,113.50","2025/05/13 11:05:07 (美东)","美股","USD","","","1.99","0","0.03","","","","","","","","2.02"
"买入","AMD","美国超微公司","111.35","50","5,567.50","全部成交","50@111.35","2025/05/13 10:58:10 (美东)","限价单","当日有效","","盘前+盘中+盘后","","","美股","USD","","","","","50","111.35","5,567.50","2025/05/13 10:58:27 (美东)","美股","USD","","","1.99","0","0.15","","","","","","","","2.14"
"买入","AMD","美国超微公司","110.50","30","3,315.00","已撤单","0@0.00","2025/05/13 10:53:35 (美东)","限价单","当日有效","","盘前+盘中+盘后","","","美股","USD","","","","","","","","","","","","","","","","","","","","","","",""
"买入","01810","小米集团-W","44.95","2,000","89,900.00","已撤单","0@0.00","2025/05/13 10:06:13 (香港)","限价单","撤单前有效","允许","","","","港股","HKD","","","","","","","","","","","","","","","","","","","","","","",""
"买入","01810","小米集团-W","49.50","1,000","49,500.00","全部成交","1,000@49.50","2025/05/13 09:11:07 (香港)","限价单","撤单前有效","允许","","","","港股","HKD","","","","","1,000","49.50","49,500.00","2025/05/13 09:52:21 (香港)","港股","HKD","1477","","14.85","30","2","50","2.8","1.34","0.07","","","","101.06"
"买入","GOOG","谷歌-C","155.15","10","1,551.50","全部成交","10@155.1183","2025/05/09 11:21:36 (美东)","限价单","当日有效","","盘前+盘中+盘后","","","美股","USD","","","","","10","155.1183","1,551.18","2025/05/09 11:21:36 (美东)","美股","USD","","","1.99","0","0.03","","","","","","","","2.02"
"买入","GOOG","谷歌-C","155.89","20","3,117.80","全部成交","20@155.89","2025/05/08 21:37:47 (美东)","限价单","撤单前有效","","全时段","","","美股","USD","","","","","20","155.89","3,117.80","2025/05/08 21:37:47 (美东)","美股","USD","","","1.99","0","0.06","","","","","","","","2.05"
"买入","AMD","美国超微公司","101.00","100","10,100.00","已撤单","0@0.00","2025/05/08 10:34:22 (美东)","限价单","撤单前有效","","盘前+盘中+盘后","","","美股","USD","","","","","","","","","","","","","","","","","","","","","","",""
"卖出","DIS","迪士尼","触及市价","90","0.00","已撤单","0@0.00","2025/05/07 12:41:37 (美东)","止损市价单","撤单前有效","","盘中","106.00","不允许","美股","USD","","","","","","","","","","","","","","","","","","","","","","",""
"卖出","DIS","迪士尼","115.00","50","5,750.00","全部成交","50@115.00","2025/05/07 12:41:37 (美东)","限价单","撤单前有效","","盘中","","","美股","USD","","","","","50","115.00","5,750.00","2025/06/09 13:43:46 (美东)","美股","USD","","","1.99","0","0.15","","","","","","0.01","0","2.15"
"买入","GOOG","谷歌-C","120.00","70","8,400.00","已撤单","0@0.00","2025/05/07 12:37:37 (美东)","限价单","撤单前有效","","盘前+盘中+盘后","","","美股","USD","","","","","","","","","","","","","","","","","","","","","","",""
"买入","GOOG","谷歌-C","150.00","30","4,500.00","全部成交","30@150.00","2025/05/07 12:20:43 (美东)","限价单","撤单前有效","","盘前+盘中+盘后","","","美股","USD","","","","","30","150.00","4,500.00","2025/05/07 12:35:04 (美东)","美股","USD","","","1.99","0","0.09","","","","","","","","2.08"
"买入","GOOG","谷歌-C","152.65","10","1,526.50","全部成交","10@152.49","2025/05/07 12:09:20 (美东)","限价单","当日有效","","盘前+盘中+盘后","","","美股","USD","","","","","10","152.49","1,524.90","2025/05/07 12:09:20 (美东)","美股","USD","","","1.99","0","0.03","","","","","","","","2.02"
"买入","GOOG","谷歌-C","150.00","50","7,500.00","已撤单","0@0.00","2025/05/07 11:58:35 (美东)","限价单","撤单前有效","","盘中","","","美股","USD","","","","","","","","","","","","","","","","","","","","","","",""
"买入","GOOG","谷歌-C","159.09","5","795.45","全部成交","5@158.8884","2025/05/07 11:00:16 (美东)","限价单","当日有效","","盘前+盘中+盘后","","","美股","USD","","","","","5","158.8884","794.44","2025/05/07 11:00:17 (美东)","美股","USD","","","1.99","0","0.02","","","","","","","","2.01"
"买入","AMD","美国超微公司","98.78","20","1,975.60","全部成交","20@98.7491","2025/05/07 10:31:21 (美东)","限价单","当日有效","","盘中","","","美股","USD","","","","","20","98.7491","1,974.98","2025/05/07 10:31:22 (美东)","美股","USD","","","1.99","0","0.06","","","","","","","","2.05"
"买入","GOOG","谷歌-C","165.00","20","3,300.00","已撤单","0@0.00","2025/05/07 05:26:47 (美东)","限价单","撤单前有效","","盘中","","","美股","USD","","","","","","","","","","","","","","","","","","","","","","",""
"买入","NVDA","英伟达","105.00","50","5,250.00","已撤单","0@0.00","2025/05/06 09:51:45 (美东)","限价单","撤单前有效","","盘中","","","美股","USD","","","","","","","","","","","","","","","","","","","","","","",""
"买入","AMD","美国超微公司","93.00","100","9,300.00","已撤单","0@0.00","2025/05/06 09:48:18 (美东)","限价单","撤单前有效","","盘中","","","美股","USD","","","","","","","","","","","","","","","","","","","","","","",""
"买入","PLTR","Palantir","109.50","10","1,095.00","全部成交","10@109.50","2025/05/06 09:44:04 (美东)","限价单","当日有效","","盘前+盘中+盘后","","","美股","USD","","","","","10","109.50","1,095.00","2025/05/06 09:44:31 (美东)","美股","USD","","","1.99","0","0.03","","","","","","","","2.02"
"买入","GOOG","谷歌-C","165.70","25","4,142.50","全部成交","25@165.70","2025/05/06 09:35:05 (美东)","限价单","撤单前有效","","盘中","","","美股","USD","","","","","25","165.70","4,142.50","2025/05/07 10:31:57 (美东)","美股","USD","","","1.99","0","0.08","","","","","","","","2.07"
"买入","TSLA","特斯拉","250.00","40","10,000.00","已撤单","0@0.00","2025/04/25 10:53:25 (美东)","限价单","撤单前有效","","盘中","","","美股","USD","","","","","","","","","","","","","","","","","","","","","","",""
"买入","00175","吉利汽车","16.02","2,000","32,040.00","全部成交","2,000@16.02","2025/04/25 09:41:34 (香港)","限价单","当日有效","允许","","","","港股","HKD","","","","","2,000","16.02","32,040.00","2025/04/25 09:41:34 (香港)","港股","HKD","8448","","9.61","15","2","33","1.81","0.87","0.05","","","","62.34"
"买入","02382","舜宇光学科技","64.95","1,000","64,950.00","全部成交","1,000@64.92","2025/04/25 09:32:48 (香港)","限价单","当日有效","允许","","","","港股","HKD","","","","","400","64.95","25,980.00","2025/04/25 09:32:48 (香港)","港股","HKD","5999","","19.48","15","6","66","3.67","1.76","0.1","","","","112.01"
"","","","","","","","","","","","","","","","","","","","","","300","64.90","19,470.00","2025/04/25 09:32:48 (香港)","港股","HKD","3265","","","","","","","","","","","",""
"","","","","","","","","","","","","","","","","","","","","","300","64.90","19,470.00","2025/04/25 09:32:48 (香港)","港股","HKD","3643","","","","","","","","","","","",""
"买入","03690","美团-W","122.00","200","24,400.00","已撤单","0@0.00","2025/04/25 09:31:04 (香港)","限价单","当日有效","允许","","","","港股","HKD","","","","","","","","","","","","","","","","","","","","","","",""
"买入","03690","美团-W","124.00","200","24,800.00","已撤单","0@0.00","2025/04/25 09:30:56 (香港)","限价单","当日有效","允许","","","","港股","HKD","","","","","","","","","","","","","","","","","","","","","","",""
"买入","03690","美团-W","125.00","200","25,000.00","已撤单","0@0.00","2025/04/25 09:02:57 (香港)","限价单","当日有效","允许","","","","港股","HKD","","","","","","","","","","","","","","","","","","","","","","",""
"买入","03690","美团-W","120.00","500","60,000.00","已撤单","0@0.00","2025/04/25 09:00:51 (香港)","限价单","当日有效","允许","","","","港股","HKD","","","","","","","","","","","","","","","","","","","","","","",""
"买入","03690","美团-W","125.00","600","75,000.00","已撤单","0@0.00","2025/04/24 09:53:45 (香港)","限价单","撤单前有效","允许","","","","港股","HKD","","","","","","","","","","","","","","","","","","","","","","",""
"买入","03690","美团-W","129.60","100","12,960.00","全部成交","100@129.60","2025/04/24 09:51:44 (香港)","限价单","当日有效","允许","","","","港股","HKD","","","","","100","129.60","12,960.00","2025/04/24 09:51:46 (香港)","港股","HKD","8738","","3.89","15","2","13","0.73","0.35","0.02","","","","34.99"
"买入","03690","美团-W","131.30","1,000","131,300.00","全部成交","1,000@131.30","2025/04/24 09:40:19 (香港)","限价单","当日有效","允许","","","","港股","HKD","","","","","1,000","131.30","131,300.00","2025/04/24 09:40:20 (香港)","港股","HKD","6387","","39.39","15","2.63","132","7.42","3.55","0.2","","","","200.19"
"买入","TSLA","特斯拉","210.00","50","10,500.00","已撤单","0@0.00","2025/04/21 11:33:03 (美东)","限价单","撤单前有效","","盘中","","","美股","USD","","","","","","","","","","","","","","","","","","","","","","",""
"买入","NIU","小牛电动","3.22","10","32.20","全部成交","10@3.2188","2025/04/15 09:54:15 (美东)","限价单","当日有效","","盘前+盘中+盘后","","","美股","USD","","","","","10","3.2188","32.19","2025/04/15 09:54:15 (美东)","美股","USD","","","1.99","0","0.03","","","","","","","","2.02"
"买入","NIU","小牛电动","3.24","10","32.40","全部成交","10@3.24","2025/04/15 09:53:18 (美东)","限价单","当日有效","","盘前+盘中+盘后","","","美股","USD","","","","","10","3.24","32.40","2025/04/15 09:54:07 (美东)","美股","USD","","","1.99","0","0.03","","","","","","","","2.02"
"买入","02359","药明康德","46.00","2,000","92,000.00","已撤单","0@0.00","2025/04/15 13:14:13 (香港)","限价单","撤单前有效","允许","","","","港股","HKD","","","","","","","","","","","","","","","","","","","","","","",""
"买入","02382","舜宇光学科技","67.00","2,000","134,000.00","全部成交","2,000@67.00","2025/04/15 13:13:22 (香港)","限价单","撤单前有效","允许","","","","港股","HKD","","","","","2,000","67.00","134,000.00","2025/05/06 09:30:00 (香港)","港股","HKD","8443","","40.2","30","2.68","134","7.57","3.62","0.2","","","","218.27"
"卖出","GOOG","谷歌-C","161.26","130","20,963.80","全部成交","130@161.2751","2025/04/14 12:05:05 (美东)","限价单","当日有效","","盘前+盘中+盘后","","","美股","USD","","","","","130","161.2751","20,965.76","2025/04/14 12:05:05 (美东)","美股","USD","","","1.99","0","0.39","","","","","0.58","0.02","","2.98"
"卖出","NVDA","英伟达","109.95","100","10,995.00","全部成交","100@109.9628","2025/04/14 12:04:30 (美东)","限价单","当日有效","","盘前+盘中+盘后","","","美股","USD","","","","","100","109.9628","10,996.28","2025/04/14 12:04:30 (美东)","美股","USD","","","1.99","0","0.3","","","","","0.31","0.02","","2.62"
"卖出","PLTR","Palantir","92.47","79","7,305.13","全部成交","79@92.4918","2025/04/14 12:02:23 (美东)","限价单","当日有效","","盘前+盘中+盘后","","","美股","USD","","","","","79","92.4918","7,306.85","2025/04/14 12:02:23 (美东)","美股","USD","","","1.99","0","0.24","","","","","0.2","0.01","","2.44"
"买入","DIS","迪士尼","86.00","50","4,300.00","全部成交","50@86.00","2025/04/14 10:32:37 (美东)","限价单","当日有效","","盘前+盘中+盘后","","","美股","USD","","","","","50","86.00","4,300.00","2025/04/14 10:32:52 (美东)","美股","USD","","","1.99","0","0.15","","","","","","","","2.14"
"买入","01810","小米集团-W","42.00","1,800","75,600.00","下单失败","0@0.00","2025/04/14 09:54:03 (香港)","限价单","撤单前有效","不允许","","","","港股","HKD","","","","","","","","","","","","","","","","","","","","","","",""
"买入","01810","小米集团-W","44.25","2,000","88,500.00","全部成交","2,000@44.25","2025/04/13 09:37:01 (香港)","限价单","撤单前有效","不允许","","","","港股","HKD","","","","","2,000","44.25","88,500.00","2025/04/14 09:50:23 (香港)","港股","HKD","5999","","26.55","15","2","89","5","2.39","0.13","","","","140.07"
"买入","02382","舜宇光学科技","65.55","2,000","131,100.00","全部成交","2,000@65.55","2025/04/13 09:29:55 (香港)","限价单","撤单前有效","允许","","","","港股","HKD","","","","","900","65.55","58,995.00","2025/04/14 13:36:53 (香港)","港股","HKD","6996","","39.33","15","8","133","7.4","3.53","0.2","","","","206.46"
"","","","","","","","","","","","","","","","","","","","","","200","65.55","13,110.00","2025/04/14 13:36:53 (香港)","港股","HKD","6999","","","","","","","","","","","",""
"","","","","","","","","","","","","","","","","","","","","","200","65.55","13,110.00","2025/04/14 13:36:53 (香港)","港股","HKD","2414","","","","","","","","","","","",""
"","","","","","","","","","","","","","","","","","","","","","700","65.55","45,885.00","2025/04/14 13:36:52 (香港)","港股","HKD","2240","","","","","","","","","","","",""
"买入","AMD","美国超微公司","85.00","100","8,500.00","全部成交","100@85.00","2025/04/12 19:49:19 (美东)","限价单","撤单前有效","","盘中","","","美股","USD","","","","","100","85.00","8,500.00","2025/04/21 09:47:11 (美东)","美股","USD","","","1.99","0","0.3","","","","","","","","2.29"
"买入","AMD","美国超微公司","90.00","100","9,000.00","已撤单","0@0.00","2025/04/12 19:48:42 (美东)","限价单","当日有效","","盘中","","","美股","USD","","","","","","","","","","","","","","","","","","","","","","",""
"买入","DIS","迪士尼","85.00","40","3,400.00","全部成交","40@85.00","2025/04/12 19:48:07 (美东)","限价单","撤单前有效","","盘前+盘中+盘后","","","美股","USD","","","","","40","85.00","3,400.00","2025/04/14 11:37:36 (美东)","美股","USD","","","1.99","0","0.12","","","","","","","","2.11"
"买入","03888","金山软件","35.00","2,000","70,000.00","已撤单","0@0.00","2025/04/11 08:55:23 (香港)","限价单","撤单前有效","允许","","","","港股","HKD","","","","","","","","","","","","","","","","","","","","","","",""
"买入","02382","舜宇光学科技","56.00","1,000","56,000.00","已撤单","0@0.00","2025/04/11 08:53:44 (香港)","限价单","撤单前有效","允许","","","","港股","HKD","","","","","","","","","","","","","","","","","","","","","","",""
"买入","02359","药明康德","45.00","2,000","90,000.00","已撤单","0@0.00","2025/04/11 08:51:54 (香港)","限价单","撤单前有效","允许","","","","港股","HKD","","","","","","","","","","","","","","","","","","","","","","",""
"买入","09988","阿里巴巴-W","100.00","500","50,000.00","已撤单","0@0.00","2025/04/11 08:50:53 (香港)","限价单","撤单前有效","允许","","","","港股","HKD","","","","","","","","","","","","","","","","","","","","","","",""
"买入","00700","腾讯控股","425.00","500","212,500.00","已撤单","0@0.00","2025/04/11 08:47:46 (香港)","限价单","撤单前有效","允许","","","","港股","HKD","","","","","","","","","","","","","","","","","","","","","","",""
"买入","PLTR","Palantir","75.00","70","5,250.00","已撤单","0@0.00","2025/04/10 20:46:26 (美东)","限价单","撤单前有效","","盘中","","","美股","USD","","","","","","","","","","","","","","","","","","","","","","",""
"买入","META","Meta Platforms","500.00","20","10,000.00","已撤单","0@0.00","2025/04/10 20:42:49 (美东)","限价单","撤单前有效","","全时段","","","美股","USD","","","","","","","","","","","","","","","","","","","","","","",""
"买入","NVDA","英伟达","95.00","100","9,500.00","已撤单","0@0.00","2025/04/10 20:42:06 (美东)","限价单","撤单前有效","","全时段","","","美股","USD","","","","","","","","","","","","","","","","","","","","","","",""
"买入","AAPL","苹果","210.00","30","6,300.00","已撤单","0@0.00","2025/04/10 20:41:37 (美东)","限价单","撤单前有效","","盘中","","","美股","USD","","","","","","","","","","","","","","","","","","","","","","",""
"卖出","AAPL","苹果","190.45","50","9,522.50","全部成交","50@190.46","2025/04/10 11:03:43 (美东)","限价单","当日有效","","盘前+盘中+盘后","","","美股","USD","","","","","50","190.46","9,523.00","2025/04/10 11:03:45 (美东)","美股","USD","","","1.99","0","0.15","","","","","0.26","0.01","","2.41"
"卖出","NVDA","英伟达","108.87","100","10,887.00","全部成交","100@108.9239","2025/04/10 11:03:12 (美东)","限价单","当日有效","","盘前+盘中+盘后","","","美股","USD","","","","","100","108.9239","10,892.39","2025/04/10 11:03:13 (美东)","美股","USD","","","1.99","0","0.3","","","","","0.3","0.02","","2.61"
"卖出","PLTR","Palantir","89.00","70","6,230.00","全部成交","70@89.00","2025/04/10 11:01:53 (美东)","限价单","当日有效","","盘前+盘中+盘后","","","美股","USD","","","","","70","89.00","6,230.00","2025/04/10 11:01:59 (美东)","美股","USD","","","1.99","0","0.21","","","","","0.17","0.01","","2.38"
"卖出","02382","舜宇光学科技","63.00","2,000","126,000.00","全部成交","2,000@63.00","2025/04/10 14:36:12 (香港)","限价单","当日有效","允许","","","","港股","HKD","","","","","200","63.00","12,600.00","2025/04/10 14:41:09 (香港)","港股","HKD","9055","","37.8","15","10","128","7.12","3.4","0.2","","","","201.52"
"","","","","","","","","","","","","","","","","","","","","","200","63.00","12,600.00","2025/04/10 14:40:55 (香港)","港股","HKD","3187","","","","","","","","","","","",""
"","","","","","","","","","","","","","","","","","","","","","800","63.00","50,400.00","2025/04/10 14:38:28 (香港)","港股","HKD","5999","","","","","","","","","","","",""
"","","","","","","","","","","","","","","","","","","","","","200","63.00","12,600.00","2025/04/10 14:38:09 (香港)","港股","HKD","9033","","","","","","","","","","","",""
"","","","","","","","","","","","","","","","","","","","","","600","63.00","37,800.00","2025/04/10 14:38:03 (香港)","港股","HKD","8045","","","","","","","","","","","",""
"卖出","00700","腾讯控股","451.40","200","90,280.00","全部成交","200@451.40","2025/04/10 14:30:37 (香港)","限价单","当日有效","允许","","","","港股","HKD","","","","","200","451.40","90,280.00","2025/04/10 14:30:45 (香港)","港股","HKD","8469","","27.08","15","2","91","5.1","2.44","0.14","","","","142.76"
"卖出","00700","腾讯控股","460.00","200","92,000.00","下单失败","0@0.00","2025/04/10 09:35:20 (香港)","限价单","撤单前有效","允许","","","","港股","HKD","","","","","","","","","","","","","","","","","","","","","","",""
"卖出","00700","腾讯控股","460.00","300","138,000.00","全部成交","300@460.00","2025/04/10 09:35:04 (香港)","限价单","撤单前有效","允许","","","","港股","HKD","","","","","300","460.00","138,000.00","2025/04/10 10:00:22 (香港)","港股","HKD","2428","","41.4","15","2.76","138","7.8","3.73","0.21","","","","208.9"
"卖出","00700","腾讯控股","460.00","100","46,000.00","全部成交","100@460.00","2025/04/10 09:28:33 (香港)","限价单","当日有效","允许","","","","港股","HKD","","","","","100","460.00","46,000.00","2025/04/10 10:00:22 (香港)","港股","HKD","2428","","13.8","15","2","46","2.6","1.24","0.07","","","","80.71"
"买入","NVDA","英伟达","110.00","50","5,500.00","已撤单","0@0.00","2025/04/09 13:40:10 (美东)","限价单","撤单前有效","","盘前+盘中+盘后","","","美股","USD","","","","","","","","","","","","","","","","","","","","","","",""
"买入","OXY","西方石油","38.79","40","1,551.60","全部成交","40@38.79","2025/04/09 13:39:20 (美东)","限价单","当日有效","","盘前+盘中+盘后","","","美股","USD","","","","","40","38.79","1,551.60","2025/04/09 13:39:20 (美东)","美股","USD","","","1.99","0","0.12","","","","","","","","2.11"
"买入","NVDA","英伟达","108.24","50","5,412.00","全部成交","50@108.24","2025/04/09 13:32:31 (美东)","限价单","当日有效","","盘前+盘中+盘后","","","美股","USD","","","","","50","108.24","5,412.00","2025/04/09 13:32:36 (美东)","美股","USD","","","1.99","0","0.15","","","","","","","","2.14"
"买入","AAPL","苹果","150.00","67","10,050.00","已撤单","0@0.00","2025/04/09 11:57:49 (美东)","限价单","撤单前有效","","盘中","","","美股","USD","","","","","","","","","","","","","","","","","","","","","","",""
"买入","META","Meta Platforms","480.00","20","9,600.00","全部成交","20@480.00","2025/04/09 11:45:31 (美东)","限价单","撤单前有效","","盘中","","","美股","USD","","","","","20","480.00","9,600.00","2025/04/21 11:48:08 (美东)","美股","USD","","","1.99","0","0.06","","","","","","","","2.05"
"买入","META","Meta Platforms","500.00","10","5,000.00","已撤单","0@0.00","2025/04/09 11:34:07 (美东)","限价单","撤单前有效","","盘中","","","美股","USD","","","","","","","","","","","","","","","","","","","","","","",""
"买入","META","Meta Platforms","508.00","10","5,080.00","全部成交","10@508.00","2025/04/09 11:33:42 (美东)","限价单","撤单前有效","","盘前+盘中+盘后","","","美股","USD","","","","","5","508.00","2,540.00","2025/04/09 11:39:41 (美东)","美股","USD","","","1.99","0","0.04","","","","","","","","2.03"
"","","","","","","","","","","","","","","","","","","","","","5","508.00","2,540.00","2025/04/09 11:39:41 (美东)","美股","USD","","","","","","","","","","","","",""
"买入","META","Meta Platforms","500.00","20","10,000.00","已撤单","0@0.00","2025/04/09 11:09:51 (美东)","限价单","撤单前有效","","盘中","","","美股","USD","","","","","","","","","","","","","","","","","","","","","","",""
"卖出","META","Meta Platforms","500.00","10","5,000.00","全部成交","10@509.43","2025/04/09 11:08:36 (美东)","限价单","撤单前有效","","盘中","","","美股","USD","","","","","10","509.43","5,094.30","2025/04/09 11:08:36 (美东)","美股","USD","","","1.99","0","0.03","","","","","0.14","0.01","","2.17"
"买入","META","Meta Platforms","507.40","5","2,537.00","已撤单","0@0.00","2025/04/09 11:06:09 (美东)","限价单","当日有效","","盘前+盘中+盘后","","","美股","USD","","","","","","","","","","","","","","","","","","","","","","",""
"买入","NVDA","英伟达","88.00","100","8,800.00","已撤单","0@0.00","2025/04/09 11:04:26 (美东)","限价单","撤单前有效","","盘中","","","美股","USD","","","","","","","","","","","","","","","","","","","","","","",""
"卖出","TSLA","特斯拉","227.25","90","20,452.50","全部成交","90@227.26","2025/04/09 10:59:33 (美东)","限价单","当日有效","","盘前+盘中+盘后","","","美股","USD","","","","","90","227.26","20,453.40","2025/04/09 10:59:34 (美东)","美股","USD","","","1.99","0","0.27","","","","","0.57","0.01","","2.84"
"买入","NVDA","英伟达","100.00","50","5,000.00","全部成交","50@100.00","2025/04/09 10:05:57 (美东)","限价单","当日有效","","盘前+盘中+盘后","","","美股","USD","","","","","50","100.00","5,000.00","2025/04/09 10:06:00 (美东)","美股","USD","","","1.99","0","0.15","","","","","","","","2.14"
"卖出","AMD","美国超微公司","81.86","100","8,186.00","全部成交","100@81.86","2025/04/09 10:05:40 (美东)","限价单","当日有效","","盘前+盘中+盘后","","","美股","USD","","","","","47","81.86","3,847.42","2025/04/09 10:05:41 (美东)","美股","USD","","","1.99","0","0.3","","","","","0.23","0.02","","2.54"
"","","","","","","","","","","","","","","","","","","","","","53","81.86","4,338.58","2025/04/09 10:05:41 (美东)","美股","USD","","","","","","","","","","","","",""
"买入","META","Meta Platforms","517.07","10","5,170.70","全部成交","10@516.617","2025/04/09 10:03:49 (美东)","限价单","当日有效","","盘前+盘中+盘后","","","美股","USD","","","","","10","516.617","5,166.17","2025/04/09 10:03:49 (美东)","美股","USD","","","1.99","0","0.03","","","","","","","","2.02"
"买入","00700","腾讯控股","420.00","100","42,000.00","全部成交","100@420.00","2025/04/09 09:34:12 (香港)","限价单","当日有效","允许","","","","港股","HKD","","","","","100","420.00","42,000.00","2025/04/09 09:34:16 (香港)","港股","HKD","639","","12.6","15","2","42","2.37","1.13","0.06","","","","75.16"
"卖出","AMD","美国超微公司","89.00","50","4,450.00","全部成交","50@89.00","2025/04/08 11:08:59 (美东)","限价单","撤单前有效","","盘中","","","美股","USD","","","","","50","89.00","4,450.00","2025/04/09 13:25:23 (美东)","美股","USD","","","1.99","0","0.15","","","","","0.12","0.01","","2.27"
"卖出","NVDA","英伟达","97.30","50","4,865.00","全部成交","50@97.4812","2025/04/08 10:28:14 (美东)","止损限价单","撤单前有效","","盘前+盘中+盘后","97.50","","美股","USD","","","","","50","97.4812","4,874.06","2025/04/08 15:06:02 (美东)","美股","USD","","","1.99","0","0.15","","","","","0.14","0.01","","2.29"
"卖出","AMD","美国超微公司","市价","50","4,147.96","全部成交","50@82.9592","2025/04/08 10:25:52 (美东)","止损市价单","撤单前有效","","盘中","83.00","","美股","USD","","","","","50","82.9592","4,147.96","2025/04/08 12:40:50 (美东)","美股","USD","","","1.99","0","0.15","","","","","0.12","0.01","","2.27"
"卖出","AMD","美国超微公司","93.00","50","4,650.00","已撤单","0@0.00","2025/04/08 10:25:52 (美东)","限价单","撤单前有效","","盘中","","","美股","USD","","","","","","","","","","","","","","","","","","","","","","",""
"卖出","AAPL","苹果","196.00","50","9,800.00","已撤单","0@0.00","2025/04/08 10:22:51 (美东)","限价单","撤单前有效","","盘中","","","美股","USD","","","","","","","","","","","","","","","","","","","","","","",""
"买入","NVDA","英伟达","80.00","100","8,000.00","已撤单","0@0.00","2025/04/07 09:48:55 (美东)","限价单","当日有效","","盘中","","","美股","USD","","","","","","","","","","","","","","","","","","","","","","",""
"买入","NVDA","英伟达","80.00","100","8,000.00","已撤单","0@0.00","2025/04/07 09:35:06 (美东)","限价单","撤单前有效","","盘中","","","美股","USD","","","","","","","","","","","","","","","","","","","","","","",""
"买入","02359","药明康德","51.50","1,000","51,500.00","全部成交","1,000@51.50","2025/04/07 13:46:02 (香港)","限价单","撤单前有效","允许","","","","港股","HKD","","","","","1,000","51.50","51,500.00","2025/04/07 14:59:52 (香港)","港股","HKD","6968","","15.45","15","2","52","2.91","1.39","0.08","","","","88.83"
"卖出","00700","腾讯控股","465.00","500","232,500.00","已撤单","0@0.00","2025/04/07 12:47:13 (香港)","限价单","撤单前有效","允许","","","","港股","HKD","","","","","","","","","","","","","","","","","","","","","","",""
"买入","01810","小米集团-W","35.00","3,000","105,000.00","已撤单","0@0.00","2025/04/07 12:46:34 (香港)","限价单","撤单前有效","允许","","","","港股","HKD","","","","","","","","","","","","","","","","","","","","","","",""
"买入","00175","吉利汽车","14.00","3,000","42,000.00","全部成交","3,000@14.00","2025/04/07 11:21:27 (香港)","限价单","当日有效","允许","","","","港股","HKD","","","","","3,000","14.00","42,000.00","2025/04/07 11:21:33 (香港)","港股","HKD","6997","","12.6","15","2","42","2.37","1.13","0.06","","","","75.16"
"买入","02359","药明康德","55.00","1,000","55,000.00","全部成交","1,000@55.00","2025/04/07 09:36:50 (香港)","限价单","撤单前有效","允许","","","","港股","HKD","","","","","1,000","55.00","55,000.00","2025/04/07 09:47:04 (香港)","港股","HKD","6997","","16.5","15","2","55","3.11","1.49","0.08","","","","93.18"
"买入","02382","舜宇光学科技","50.00","2,000","100,000.00","已撤单","0@0.00","2025/04/07 09:33:11 (香港)","限价单","撤单前有效","允许","","","","港股","HKD","","","","","","","","","","","","","","","","","","","","","","",""
"买入","02382","舜宇光学科技","56.55","1,000","56,550.00","全部成交","1,000@56.50","2025/04/07 09:32:55 (香港)","限价单","当日有效","允许","","","","港股","HKD","","","","","1,000","56.50","56,500.00","2025/04/07 09:32:55 (香港)","港股","HKD","3275","","16.95","30","2","57","3.19","1.53","0.08","","","","110.75"
"买入","02382","舜宇光学科技","56.60","1,000","56,600.00","全部成交","1,000@56.60","2025/04/07 09:32:34 (香港)","限价单","当日有效","允许","","","","港股","HKD","","","","","700","56.60","39,620.00","2025/04/07 09:32:34 (香港)","港股","HKD","3187","","16.98","30","4","57","3.2","1.53","0.09","","","","112.8"
"","","","","","","","","","","","","","","","","","","","","","300","56.60","16,980.00","2025/04/07 09:32:34 (香港)","港股","HKD","3187","","","","","","","","","","","",""
"买入","02359","药明康德","57.70","1,000","57,700.00","全部成交","1,000@57.70","2025/04/07 09:31:53 (香港)","限价单","当日有效","允许","","","","港股","HKD","","","","","1,000","57.70","57,700.00","2025/04/07 09:31:54 (香港)","港股","HKD","6998","","17.31","30","2","58","3.26","1.56","0.09","","","","112.22"
"买入","02382","舜宇光学科技","55.00","1,000","55,000.00","已撤单","0@0.00","2025/04/07 09:26:23 (香港)","限价单","当日有效","允许","","","","港股","HKD","","","","","","","","","","","","","","","","","","","","","","",""
"买入","02382","舜宇光学科技","59.25","1,000","59,250.00","已撤单","0@0.00","2025/04/07 09:26:14 (香港)","限价单","当日有效","允许","","","","港股","HKD","","","","","","","","","","","","","","","","","","","","","","",""
"买入","00700","腾讯控股","430.00","500","215,000.00","已撤单","0@0.00","2025/04/07 09:18:04 (香港)","限价单","当日有效","允许","","","","港股","HKD","","","","","","","","","","","","","","","","","","","","","","",""
"买入","02359","药明康德","55.00","2,000","110,000.00","已撤单","0@0.00","2025/04/07 09:16:56 (香港)","限价单","当日有效","允许","","","","港股","HKD","","","","","","","","","","","","","","","","","","","","","","",""
"买入","PLTR","Palantir","50.00","150","7,500.00","下单失败","0@0.00","2025/04/06 05:04:28 (美东)","限价单","撤单前有效","","盘中","","","美股","USD","","","","","","","","","","","","","","","","","","","","","","",""
"买入","00700","腾讯控股","470.00","500","235,000.00","全部成交","500@441.80","2025/04/06 14:27:34 (香港)","限价单","撤单前有效","允许","","","","港股","HKD","","","","","500","441.80","220,900.00","2025/04/07 09:20:01 (香港)","港股","HKD","8587","","66.27","30","4.42","221","12.48","5.96","0.33","","","","340.46"
"买入","00700","腾讯控股","470.00","500","235,000.00","已撤单","0@0.00","2025/04/06 14:26:34 (香港)","限价单","撤单前有效","允许","","","","港股","HKD","","","","","","","","","","","","","","","","","","","","","","",""
"买入","00700","腾讯控股","470.00","500","235,000.00","已撤单","0@0.00","2025/04/06 14:25:20 (香港)","限价单","撤单前有效","允许","","","","港股","HKD","","","","","","","","","","","","","","","","","","","","","","",""
"买入","AMD","美国超微公司","71.00","100","7,100.00","已撤单","0@0.00","2025/04/04 13:17:34 (美东)","限价单","撤单前有效","","盘前+盘中+盘后","","","美股","USD","","","","","","","","","","","","","","","","","","","","","","",""
"买入","AMD","美国超微公司","86.77","50","4,338.50","全部成交","50@86.77","2025/04/04 13:06:30 (美东)","限价单","当日有效","","盘前+盘中+盘后","","","美股","USD","","","","","50","86.77","4,338.50","2025/04/04 13:06:44 (美东)","美股","USD","","","1.99","0","0.15","","","","","","","","2.14"
"买入","NVDA","英伟达","94.29","50","4,714.50","全部成交","50@94.29","2025/04/04 13:04:04 (美东)","限价单","当日有效","","盘前+盘中+盘后","","","美股","USD","","","","","50","94.29","4,714.50","2025/04/04 13:04:35 (美东)","美股","USD","","","1.99","0","0.15","","","","","","","","2.14"
"买入","AMD","美国超微公司","80.00","55","4,400.00","全部成交","55@79.7905","2025/04/04 11:04:05 (美东)","限价单","撤单前有效","","盘中","","","美股","USD","","","","","55","79.7905","4,388.48","2025/04/07 09:30:07 (美东)","美股","USD","","","1.99","0","0.17","","","","","","","","2.16"
"买入","TSLA","特斯拉","225.00","50","11,250.00","已撤单","0@0.00","2025/04/04 11:00:29 (美东)","限价单","撤单前有效","","盘中","","","美股","USD","","","","","","","","","","","","","","","","","","","","","","",""
"买入","NVDA","英伟达","88.00","50","4,400.00","全部成交","50@87.312","2025/04/04 10:52:10 (美东)","限价单","撤单前有效","","盘中","","","美股","USD","","","","","50","87.312","4,365.60","2025/04/07 09:30:08 (美东)","美股","USD","","","1.99","0","0.15","","","","","","","","2.14"
"买入","AAPL","苹果","180.00","50","9,000.00","全部成交","50@179.71","2025/04/04 07:37:31 (美东)","限价单","撤单前有效","","盘前+盘中+盘后","","","美股","USD","","","","","50","179.71","8,985.50","2025/04/07 04:01:35 (美东)","美股","USD","","","1.99","0","0.15","","","","","","","","2.14"
"买入","TSLA","特斯拉","230.00","50","11,500.00","已撤单","0@0.00","2025/04/03 10:14:18 (美东)","限价单","撤单前有效","","盘中","","","美股","USD","","","","","","","","","","","","","","","","","","","","","","",""
"买入","META","Meta Platforms","485.00","40","19,400.00","已撤单","0@0.00","2025/04/03 10:12:37 (美东)","限价单","撤单前有效","","盘中","","","美股","USD","","","","","","","","","","","","","","","","","","","","","","",""
"买入","AAPL","苹果","203.60","10","2,036.00","全部成交","10@203.60","2025/04/03 10:07:42 (美东)","限价单","当日有效","","盘前+盘中+盘后","","","美股","USD","","","","","10","203.60","2,036.00","2025/04/03 10:09:36 (美东)","美股","USD","","","1.99","0","0.03","","","","","","","","2.02"
"买入","02382","舜宇光学科技","56.00","4,000","224,000.00","已撤单","0@0.00","2025/04/03 09:54:57 (香港)","限价单","撤单前有效","允许","","","","港股","HKD","","","","","","","","","","","","","","","","","","","","","","",""
"买入","META","Meta Platforms","588.71","10","5,887.10","全部成交","10@588.71","2025/04/02 10:02:33 (美东)","限价单","当日有效","","盘前+盘中+盘后","","","美股","USD","","","","","10","588.71","5,887.10","2025/04/02 10:02:44 (美东)","美股","USD","","","1.99","0","0.03","","","","","","","","2.02"
"买入","META","Meta Platforms","580.00","8","4,640.00","全部成交","8@579.525","2025/04/01 10:40:54 (美东)","限价单","当日有效","","盘前+盘中+盘后","","","美股","USD","","","","","8","579.525","4,636.20","2025/04/01 10:42:31 (美东)","美股","USD","","","1.99","0","0.02","","","","","","","","2.01"
"买入","AAPL","苹果","222.21","10","2,222.10","全部成交","10@222.195","2025/04/01 10:39:34 (美东)","限价单","当日有效","","盘前+盘中+盘后","","","美股","USD","","","","","10","222.195","2,221.95","2025/04/01 10:39:35 (美东)","美股","USD","","","1.99","0","0.03","","","","","","","","2.02"
"买入","PLTR","Palantir","75.00","20","1,500.00","全部成交","20@75.00","2025/04/01 10:22:06 (美东)","限价单","撤单前有效","","盘前+盘中+盘后","","","美股","USD","","","","","20","75.00","1,500.00","2025/04/04 10:29:28 (美东)","美股","USD","","","1.99","0","0.06","","","","","","","","2.05"
"买入","GOOG","谷歌-C","155.00","20","3,100.00","已撤单","0@0.00","2025/04/01 10:21:13 (美东)","限价单","撤单前有效","","盘中","","","美股","USD","","","","","","","","","","","","","","","","","","","","","","",""
"买入","PLTR","Palantir","80.00","50","4,000.00","全部成交","50@80.00","2025/03/28 09:09:11 (美东)","限价单","撤单前有效","","盘中","","","美股","USD","","","","","50","80.00","4,000.00","2025/03/31 09:34:44 (美东)","美股","USD","","","1.99","0","0.15","","","","","","","","2.14"
"买入","PLTR","Palantir","89.34","10","893.40","全部成交","10@89.34","2025/03/27 19:24:20 (美东)","限价单","当日有效","","盘前+盘中+盘后","","","美股","USD","","","","","10","89.34","893.40","2025/03/27 19:24:20 (美东)","美股","USD","","","1.99","0","0.03","","","","","","","","2.02"
"卖出","OXY","西方石油","50.08","40","2,003.20","已撤单","0@0.00","2025/03/27 10:38:58 (美东)","限价单","当日有效","","盘前+盘中+盘后","","","美股","USD","","","","","","","","","","","","","","","","","","","","","","",""
"买入","META","Meta Platforms","550.00","10","5,500.00","全部成交","10@546.64","2025/03/26 12:12:14 (美东)","限价单","撤单前有效","","盘中","","","美股","USD","","","","","10","546.64","5,466.40","2025/04/03 09:30:08 (美东)","美股","USD","","","1.99","0","0.03","","","","","","","","2.02"
"买入","META","Meta Platforms","617.12","10","6,171.20","全部成交","10@617.12","2025/03/26 11:38:53 (美东)","限价单","当日有效","","盘中","","","美股","USD","","","","","10","617.12","6,171.20","2025/03/26 11:38:59 (美东)","美股","USD","","","1.99","0","0.03","","","","","","","","2.02"
"买入","TSLA","特斯拉","235.00","50","11,750.00","已撤单","0@0.00","2025/03/25 21:44:40 (美东)","限价单","撤单前有效","","全时段","","","美股","USD","","","","","","","","","","","","","","","","","","","","","","",""
"买入","02382","舜宇光学科技","76.50","100","7,650.00","全部成交","100@76.50","2025/03/25 15:40:08 (香港)","限价单","当日有效","允许","","","","港股","HKD","","","","","100","76.50","7,650.00","2025/03/25 15:40:34 (香港)","港股","HKD","2088","","3","10","2","8","0.43","0.21","0.01","","","","23.65"
"卖出","01698","腾讯音乐-SW","54.75","100","5,475.00","全部成交","100@54.75","2025/03/25 13:05:06 (香港)","限价单","当日有效","允许","","","","港股","HKD","","","","","100","54.75","5,475.00","2025/03/25 13:05:06 (香港)","港股","HKD","4488","","3","10","2","6","0.31","0.15","0.01","","","","21.47"
"买入","00175","吉利汽车","16.50","1,000","16,500.00","全部成交","1,000@16.50","2025/03/25 13:01:21 (香港)","限价单","撤单前有效","允许","","","","港股","HKD","","","","","1,000","16.50","16,500.00","2025/03/31 09:44:19 (香港)","港股","HKD","7351","","4.95","10","2","17","0.93","0.45","0.02","","","","35.35"
"买入","02382","舜宇光学科技","70.00","2,000","140,000.00","全部成交","2,000@70.00","2025/03/25 12:20:14 (香港)","限价单","撤单前有效","允许","","","","港股","HKD","","","","","1,700","70.00","119,000.00","2025/04/03 09:52:51 (香港)","港股","HKD","5999","","42","30","4.38","140","7.91","3.78","0.21","","","","228.28"
"","","","","","","","","","","","","","","","","","","","","","300","70.00","21,000.00","2025/04/03 09:52:51 (香港)","港股","HKD","5999","","","","","","","","","","","",""
"买入","02382","舜宇光学科技","78.50","500","39,250.00","全部成交","500@78.50","2025/03/25 10:24:37 (香港)","限价单","撤单前有效","允许","","","","港股","HKD","","","","","500","78.50","39,250.00","2025/03/25 11:20:28 (香港)","港股","HKD","748","","11.78","10","2","40","2.22","1.06","0.06","","","","67.12"
"买入","02382","舜宇光学科技","80.50","1,000","80,500.00","全部成交","1,000@80.50","2025/03/25 09:58:57 (香港)","限价单","当日有效","允许","","","","港股","HKD","","","","","1,000","80.50","80,500.00","2025/03/25 10:14:55 (香港)","港股","HKD","3539","","24.15","10","2","81","4.55","2.17","0.12","","","","123.99"
"买入","02382","舜宇光学科技","78.20","400","31,280.00","已撤单","0@0.00","2025/03/25 09:49:33 (香港)","限价单","当日有效","允许","","","","港股","HKD","","","","","","","","","","","","","","","","","","","","","","",""
"买入","02382","舜宇光学科技","80.00","200","16,000.00","全部成交","200@80.00","2025/03/25 09:49:24 (香港)","限价单","当日有效","允许","","","","港股","HKD","","","","","200","80.00","16,000.00","2025/03/25 09:52:58 (香港)","港股","HKD","6999","","4.8","10","2","16","0.9","0.43","0.02","","","","34.15"
"买入","02382","舜宇光学科技","80.15","200","16,030.00","全部成交","200@80.15","2025/03/25 09:46:53 (香港)","限价单","当日有效","允许","","","","港股","HKD","","","","","200","80.15","16,030.00","2025/03/25 09:46:55 (香港)","港股","HKD","5336","","4.81","10","2","17","0.91","0.43","0.02","","","","35.17"
"买入","00175","吉利汽车","17.00","3,000","51,000.00","全部成交","3,000@17.00","2025/03/25 09:06:09 (香港)","限价单","2025/04/25 (香港) 收盘前有效","允许","","","","港股","HKD","","","","","3,000","17.00","51,000.00","2025/03/25 09:40:36 (香港)","港股","HKD","8503","","15.3","10","2","51","2.88","1.38","0.08","","","","82.64"
"买入","META","Meta Platforms","617.70","2","1,235.40","全部成交","2@617.64","2025/03/24 10:44:25 (美东)","限价单","当日有效","","盘前+盘中+盘后","","","美股","USD","","","","","2","617.64","1,235.28","2025/03/24 10:44:25 (美东)","美股","USD","","","1.99","0","0.01","","","","","","","","2"
"买入","NVDA","英伟达","120.84","5","604.20","全部成交","5@120.84","2025/03/24 10:41:51 (美东)","限价单","当日有效","","盘前+盘中+盘后","","","美股","USD","","","","","5","120.84","604.20","2025/03/24 10:43:08 (美东)","美股","USD","","","1.99","0","0.02","","","","","","","","2.01"
"买入","PLTR","Palantir","96.30","10","963.00","全部成交","10@96.30","2025/03/24 10:41:21 (美东)","限价单","当日有效","","盘中","","","美股","USD","","","","","10","96.30","963.00","2025/03/24 10:53:49 (美东)","美股","USD","","","1.99","0","0.03","","","","","","","","2.02"
"买入","NVDA","英伟达","118.00","20","2,360.00","已撤单","0@0.00","2025/03/24 10:40:46 (美东)","限价单","当日有效","","盘前+盘中+盘后","","","美股","USD","","","","","","","","","","","","","","","","","","","","","","",""
"买入","PLTR","Palantir","93.00","20","1,860.00","全部成交","20@93.00","2025/03/24 10:38:49 (美东)","限价单","撤单前有效","","盘中","","","美股","USD","","","","","20","93.00","1,860.00","2025/03/26 10:22:14 (美东)","美股","USD","","","1.99","0","0.06","","","","","","","","2.05"
"买入","00700","腾讯控股","490.00","500","245,000.00","已撤单","0@0.00","2025/03/24 00:14:12 (香港)","限价单","撤单前有效","允许","","","","港股","HKD","","","","","","","","","","","","","","","","","","","","","","",""
"买入","00175","吉利汽车","14.50","10,000","145,000.00","已撤单","0@0.00","2025/03/23 22:08:47 (香港)","限价单","撤单前有效","允许","","","","港股","HKD","","","","","","","","","","","","","","","","","","","","","","",""
"买入","PLTR","Palantir","87.00","40","3,480.00","已撤单","0@0.00","2025/03/21 19:21:45 (美东)","限价单","撤单前有效","","盘中","","","美股","USD","","","","","","","","","","","","","","","","","","","","","","",""
"买入","PLTR","Palantir","91.07","20","1,821.40","全部成交","20@91.06","2025/03/21 19:20:21 (美东)","限价单","当日有效","","盘前+盘中+盘后","","","美股","USD","","","","","20","91.06","1,821.20","2025/03/21 19:20:31 (美东)","美股","USD","","","1.99","0","0.06","","","","","","","","2.05"
"买入","NVDA","英伟达","118.48","10","1,184.80","全部成交","10@118.48","2025/03/20 14:25:12 (美东)","限价单","当日有效","","盘前+盘中+盘后","","","美股","USD","","","","","10","118.48","1,184.80","2025/03/20 14:25:45 (美东)","美股","USD","","","1.99","0","0.03","","","","","","","","2.02"
"卖出","00700","腾讯控股","580.00","100","58,000.00","已撤单","0@0.00","2025/03/20 08:32:25 (香港)","限价单","撤单前有效","允许","","","","港股","HKD","","","","","","","","","","","","","","","","","","","","","","",""
"买入","AAPL","苹果","216.00","20","4,320.00","全部成交","20@213.7834","2025/03/19 20:20:10 (美东)","限价单","当日有效","","盘中","","","美股","USD","","","","","20","213.7834","4,275.67","2025/03/20 09:30:10 (美东)","美股","USD","","","1.99","0","0.06","","","","","","","","2.05"
"卖出","AAPL","苹果","216.20","20","4,324.00","下单失败","0@0.00","2025/03/19 20:19:39 (美东)","限价单","当日有效","","全时段","","","美股","USD","","","","","","","","","","","","","","","","","","","","","","",""
"买入","AAPL","苹果","216.20","20","4,324.00","下单失败","0@0.00","2025/03/19 20:19:15 (美东)","限价单","当日有效","","全时段","","","美股","USD","","","","","","","","","","","","","","","","","","","","","","",""
"买入","OXY","西方石油","48.10","20","962.00","全部成交","20@48.10","2025/03/19 12:00:31 (美东)","限价单","当日有效","","盘前+盘中+盘后","","","美股","USD","","","","","3","48.10","144.30","2025/03/19 12:00:40 (美东)","美股","USD","","","1.99","0","0.07","","","","","","","","2.06"
"","","","","","","","","","","","","","","","","","","","","","5","48.10","240.50","2025/03/19 12:00:40 (美东)","美股","USD","","","","","","","","","","","","",""
"","","","","","","","","","","","","","","","","","","","","","12","48.10","577.20","2025/03/19 12:00:40 (美东)","美股","USD","","","","","","","","","","","","",""
"卖出","00700","腾讯控股","542.00","200","108,400.00","全部成交","200@542.00","2025/03/19 15:57:45 (香港)","限价单","当日有效","允许","","","","港股","HKD","","","","","200","542.00","108,400.00","2025/03/19 15:59:45 (香港)","港股","HKD","5998","","32.52","10","2.17","109","6.12","2.93","0.16","","","","162.9"
"卖出","00700","腾讯控股","540.50","300","162,150.00","全部成交","300@540.50","2025/03/19 15:49:22 (香港)","限价单","当日有效","允许","","","","港股","HKD","","","","","300","540.50","162,150.00","2025/03/19 15:49:31 (香港)","港股","HKD","746","","48.65","15","3.24","163","9.16","4.38","0.24","","","","243.67"
"卖出","00700","腾讯控股","545.00","300","163,500.00","已撤单","0@0.00","2025/03/19 09:19:36 (香港)","限价单","当日有效","允许","","","","港股","HKD","","","","","","","","","","","","","","","","","","","","","","",""
"卖出","01810","小米集团-W","53.00","4,000","212,000.00","已撤单","0@0.00","2025/03/18 23:29:41 (香港)","止损限价单","撤单前有效","","","53.00","","港股","HKD","","","","","","","","","","","","","","","","","","","","","","",""
"卖出","01810","小米集团-W","68.00","3,000","204,000.00","已撤单","0@0.00","2025/03/18 23:29:41 (香港)","限价单","撤单前有效","不允许","","","","港股","HKD","","","","","","","","","","","","","","","","","","","","","","",""
"卖出","01810","小米集团-W","62.00","2,000","124,000.00","已撤单","0@0.00","2025/03/18 23:19:48 (香港)","限价单","撤单前有效","允许","","","","港股","HKD","","","","","","","","","","","","","","","","","","","","","","",""
"卖出","01810","小米集团-W","62.00","2,000","124,000.00","已撤单","0@0.00","2025/03/18 23:17:09 (香港)","限价单","撤单前有效","允许","","","","港股","HKD","","","","","","","","","","","","","","","","","","","","","","",""
"卖出","00700","腾讯控股","542.00","200","108,400.00","全部成交","200@542.00","2025/03/18 15:16:51 (香港)","限价单","当日有效","允许","","","","港股","HKD","","","","","200","542.00","108,400.00","2025/03/18 15:30:32 (香港)","港股","HKD","4107","","32.52","15","2.17","109","6.12","2.93","0.16","","","","167.9"
"卖出","00700","腾讯控股","540.00","500","270,000.00","全部成交","500@540.00","2025/03/17 10:27:38 (香港)","限价单","撤单前有效","允许","","","","港股","HKD","","","","","500","540.00","270,000.00","2025/03/18 09:30:12 (香港)","港股","HKD","5344","","81","15","5.4","270","15.26","7.29","0.41","","","","394.36"
"买入","02359","药明康德","62.00","1,000","62,000.00","已撤单","0@0.00","2025/03/17 10:19:57 (香港)","限价单","当日有效","不允许","","","","港股","HKD","","","","","","","","","","","","","","","","","","","","","","",""
"卖出","00700","腾讯控股","580.00","1,000","580,000.00","已撤单","0@0.00","2025/03/16 12:44:52 (香港)","限价单","2025/03/23 (香港) 收盘前有效","允许","","","","港股","HKD","","","","","","","","","","","","","","","","","","","","","","",""
"卖出","00700","腾讯控股","545.00","300","163,500.00","已撤单","0@0.00","2025/03/16 12:44:39 (香港)","限价单","2025/03/23 (香港) 收盘前有效","允许","","","","港股","HKD","","","","","","","","","","","","","","","","","","","","","","",""
"买入","02359","药明康德","63.60","2,000","127,200.00","已撤单","0@0.00","2025/03/16 12:42:14 (香港)","限价单","2025/03/30 (香港) 收盘前有效","允许","","","","港股","HKD","","","","","","","","","","","","","","","","","","","","","","",""
"买入","02359","药明康德","63.00","1,000","63,000.00","已撤单","0@0.00","2025/03/16 12:42:01 (香港)","限价单","2025/03/30 (香港) 收盘前有效","允许","","","","港股","HKD","","","","","","","","","","","","","","","","","","","","","","",""
"买入","02359","药明康德","64.50","1,000","64,500.00","全部成交","1,000@64.50","2025/03/16 12:41:54 (香港)","限价单","2025/03/30 (香港) 收盘前有效","允许","","","","港股","HKD","","","","","700","64.50","45,150.00","2025/03/17 09:45:11 (香港)","港股","HKD","6998","","19.35","15","6","66","3.64","1.74","0.1","","","","111.83"
"","","","","","","","","","","","","","","","","","","","","","100","64.50","6,450.00","2025/03/17 09:44:59 (香港)","港股","HKD","6997","","","","","","","","","","","",""
"","","","","","","","","","","","","","","","","","","","","","200","64.50","12,900.00","2025/03/17 09:44:55 (香港)","港股","HKD","8469","","","","","","","","","","","",""
"卖出","TSLA","特斯拉","触及市价","100","0.00","已撤单","0@0.00","2025/03/15 08:51:37 (美东)","止损市价单","撤单前有效","","盘中","198.00","","美股","USD","","","","","","","","","","","","","","","","","","","","","","",""
"卖出","TSLA","特斯拉","触及市价","100","0.00","已撤单","0@0.00","2025/03/15 08:50:31 (美东)","止损市价单","撤单前有效","","盘中","250.00","","美股","USD","","","","","","","","","","","","","","","","","","","","","","",""
"卖出","TSLA","特斯拉","295.00","100","29,500.00","已撤单","0@0.00","2025/03/15 08:50:31 (美东)","限价单","撤单前有效","","盘中","","","美股","USD","","","","","","","","","","","","","","","","","","","","","","",""
"卖出","AAPL","苹果","触及市价","60","0.00","已撤单","0@0.00","2025/03/15 08:47:28 (美东)","止损市价单","撤单前有效","","盘中","200.00","","美股","USD","","","","","","","","","","","","","","","","","","","","","","",""
"卖出","AAPL","苹果","234.50","60","14,070.00","已撤单","0@0.00","2025/03/15 08:47:28 (美东)","限价单","撤单前有效","","盘中","","","美股","USD","","","","","","","","","","","","","","","","","","","","","","",""
"买入","NVDA","英伟达","105.00","100","10,500.00","已撤单","0@0.00","2025/03/15 08:25:55 (美东)","限价单","撤单前有效","","盘中","","","美股","USD","","","","","","","","","","","","","","","","","","","","","","",""
"卖出","00700","腾讯控股","550.00","1,000","550,000.00","已撤单","0@0.00","2025/03/15 17:21:20 (香港)","限价单","撤单前有效","允许","","","","港股","HKD","","","","","","","","","","","","","","","","","","","","","","",""
"卖出","00700","腾讯控股","535.00","500","267,500.00","已撤单","0@0.00","2025/03/15 17:18:13 (香港)","限价单","撤单前有效","允许","","","","港股","HKD","","","","","","","","","","","","","","","","","","","","","","",""
"买入","PLTR","Palantir","81.00","80","6,480.00","已撤单","0@0.00","2025/03/15 01:20:53 (美东)","限价单","撤单前有效","","盘中","","","美股","USD","","","","","","","","","","","","","","","","","","","","","","",""
"买入","PLTR","Palantir","86.55","20","1,731.00","全部成交","20@86.55","2025/03/15 00:41:35 (美东)","限价单","撤单前有效","","盘中","","","美股","USD","","","","","20","86.55","1,731.00","2025/03/17 09:34:32 (美东)","美股","USD","","","1.99","0","0.06","","","","","","","","2.05"
"买入","NVDA","英伟达","110.00","75","8,250.00","全部成交","75@110.00","2025/03/15 00:38:18 (美东)","限价单","撤单前有效","","盘中","","","美股","USD","","","","","75","110.00","8,250.00","2025/03/28 10:12:27 (美东)","美股","USD","","","1.99","0","0.23","","","","","","","","2.22"
"买入","NVDA","英伟达","115.00","20","2,300.00","已撤单","0@0.00","2025/03/15 00:38:13 (美东)","限价单","撤单前有效","","盘中","","","美股","USD","","","","","","","","","","","","","","","","","","","","","","",""
"买入","NVDA","英伟达","121.00","10","1,210.00","全部成交","10@121.00","2025/03/15 00:38:04 (美东)","限价单","撤单前有效","","盘中","","","美股","USD","","","","","10","121.00","1,210.00","2025/03/17 09:47:21 (美东)","美股","USD","","","1.99","0","0.03","","","","","","","","2.02"
"卖出","AMD","美国超微公司","触及市价","300","0.00","已撤单","0@0.00","2025/03/15 00:25:12 (美东)","止损市价单","当日有效","","盘中","95.00","","美股","USD","","","","","","","","","","","","","","","","","","","","","","",""
"卖出","AMD","美国超微公司","104.00","195","20,280.00","全部成交","195@104.00","2025/03/15 00:25:12 (美东)","限价单","当日有效","","盘中","","","美股","USD","","","","","195","104.00","20,280.00","2025/03/17 09:32:51 (美东)","美股","USD","","","1.99","0","0.59","","","","","0.56","0.03","","3.17"
"卖出","AMD","美国超微公司","104.00","195","20,280.00","已撤单","0@0.00","2025/03/15 00:21:09 (美东)","限价单","撤单前有效","","盘中","","","美股","USD","","","","","","","","","","","","","","","","","","","","","","",""
"买入","NVDA","英伟达","121.50","800","97,200.00","已撤单","0@0.00","2025/03/15 00:19:54 (美东)","限价单","撤单前有效","","盘中","","","美股","USD","","","","","","","","","","","","","","","","","","","","","","",""
"卖出","00700","腾讯控股","540.00","1,000","540,000.00","已撤单","0@0.00","2025/03/14 15:07:12 (香港)","限价单","撤单前有效","允许","","","","港股","HKD","","","","","","","","","","","","","","","","","","","","","","",""
"卖出","00700","腾讯控股","535.00","200","107,000.00","已撤单","0@0.00","2025/03/14 14:30:56 (香港)","限价单","当日有效","允许","","","","港股","HKD","","","","","","","","","","","","","","","","","","","","","","",""
"卖出","00700","腾讯控股","530.00","300","159,000.00","已撤单","0@0.00","2025/03/14 14:30:49 (香港)","限价单","当日有效","允许","","","","港股","HKD","","","","","","","","","","","","","","","","","","","","","","",""
"卖出","00700","腾讯控股","540.00","500","270,000.00","已撤单","0@0.00","2025/03/13 20:00:50 (香港)","限价单","撤单前有效","允许","","","","港股","HKD","","","","","","","","","","","","","","","","","","","","","","",""
"卖出","00853","微创医疗","7.51","100","751.00","全部成交","100@7.51","2025/03/12 14:56:05 (香港)","限价单","当日有效","允许","","","","港股","HKD","","","","","100","7.51","751.00","2025/03/12 14:56:05 (香港)","港股","HKD","5998","","3","15","2","1","0.04","0.02","0","","","","21.06"
"卖出","00700","腾讯控股","535.00","500","267,500.00","已撤单","0@0.00","2025/03/11 21:41:13 (香港)","限价单","2025/04/11 (香港) 收盘前有效","允许","","","","港股","HKD","","","","","","","","","","","","","","","","","","","","","","",""
"卖出","03690","美团-W","175.00","1,000","175,000.00","全部成交","1,000@175.00","2025/03/11 21:36:29 (香港)","限价单","2025/03/18 (香港) 收盘前有效","允许","","","","港股","HKD","","","","","1,000","175.00","175,000.00","2025/03/12 09:30:01 (香港)","港股","HKD","3530","","52.5","15","3.5","175","9.89","4.73","0.26","","","","260.88"
"卖出","00700","腾讯控股","540.00","1,000","540,000.00","已撤单","0@0.00","2025/03/11 21:24:35 (香港)","限价单","当日有效","不允许","","","","港股","HKD","","","","","","","","","","","","","","","","","","","","","","",""
"卖出","00700","腾讯控股","520.00","500","260,000.00","已撤单","0@0.00","2025/03/11 13:00:45 (香港)","限价单","当日有效","不允许","","","","港股","HKD","","","","","","","","","","","","","","","","","","","","","","",""
"买入","02359","药明康德","61.80","300","18,540.00","全部成交","300@61.80","2025/03/11 10:10:56 (香港)","限价单","当日有效","不允许","","","","港股","HKD","","","","","300","61.80","18,540.00","2025/03/11 10:11:07 (香港)","港股","HKD","6999","","5.56","15","2","19","1.05","0.5","0.03","","","","43.14"
"卖出","03690","美团-W","175.00","500","87,500.00","已撤单","0@0.00","2025/03/11 09:33:24 (香港)","限价单","当日有效","不允许","","","","港股","HKD","","","","","","","","","","","","","","","","","","","","","","",""
"买入","02382","舜宇光学科技","72.00","2,000","144,000.00","下单失败","0@0.00","2025/03/11 08:47:00 (香港)","限价单","撤单前有效","不允许","","","","港股","HKD","","","","","","","","","","","","","","","","","","","","","","",""
"买入","00941","中国移动","78.50","2,000","157,000.00","已撤单","0@0.00","2025/03/11 08:46:06 (香港)","限价单","撤单前有效","不允许","","","","港股","HKD","","","","","","","","","","","","","","","","","","","","","","",""
"买入","AAPL","苹果","210.00","50","10,500.00","全部成交","50@210.00","2025/03/10 12:20:16 (美东)","限价单","撤单前有效","","盘中","","","美股","USD","","","","","50","210.00","10,500.00","2025/03/13 15:36:02 (美东)","美股","USD","","","1.99","0","0.15","","","","","","","","2.14"
"卖出","00700","腾讯控股","540.00","500","270,000.00","已撤单","0@0.00","2025/03/09 23:09:26 (香港)","限价单","撤单前有效","不允许","","","","港股","HKD","","","","","","","","","","","","","","","","","","","","","","",""
"买入","02359","药明康德","58.00","4,000","232,000.00","已撤单","0@0.00","2025/03/09 18:47:18 (香港)","限价单","撤单前有效","不允许","","","","港股","HKD","","","","","","","","","","","","","","","","","","","","","","",""
"卖出","01810","小米集团-W","54.50","5,000","272,500.00","全部成交","5,000@54.552","2025/03/09 18:44:30 (香港)","止损限价单","撤单前有效","","","54.50","","港股","HKD","","","","","200","54.55","10,910.00","2025/03/21 11:03:31 (香港)","港股","HKD","1049","","81.83","10","16.18","275","15.42","7.34","0.42","","","","406.19"
"","","","","","","","","","","","","","","","","","","","","","600","54.55","32,730.00","2025/03/21 11:03:31 (香港)","港股","HKD","5998","","","","","","","","","","","",""
"","","","","","","","","","","","","","","","","","","","","","600","54.55","32,730.00","2025/03/21 11:03:31 (香港)","港股","HKD","5999","","","","","","","","","","","",""
"","","","","","","","","","","","","","","","","","","","","","200","54.55","10,910.00","2025/03/21 11:03:31 (香港)","港股","HKD","5998","","","","","","","","","","","",""
"","","","","","","","","","","","","","","","","","","","","","2,000","54.55","109,100.00","2025/03/21 11:03:31 (香港)","港股","HKD","6999","","","","","","","","","","","",""
"","","","","","","","","","","","","","","","","","","","","","200","54.55","10,910.00","2025/03/21 11:03:31 (香港)","港股","HKD","5999","","","","","","","","","","","",""
"","","","","","","","","","","","","","","","","","","","","","1,000","54.55","54,550.00","2025/03/21 11:03:31 (香港)","港股","HKD","5999","","","","","","","","","","","",""
"","","","","","","","","","","","","","","","","","","","","","200","54.60","10,920.00","2025/03/21 11:03:31 (香港)","港股","HKD","3448","","","","","","","","","","","",""
"卖出","01810","小米集团-W","60.00","3,000","180,000.00","已撤单","0@0.00","2025/03/09 18:44:30 (香港)","限价单","撤单前有效","不允许","","","","港股","HKD","","","","","","","","","","","","","","","","","","","","","","",""
"卖出","00700","腾讯控股","触及市价","500","0.00","已撤单","0@0.00","2025/03/09 18:39:03 (香港)","止损市价单","撤单前有效","","","510.00","","港股","HKD","","","","","","","","","","","","","","","","","","","","","","",""
"卖出","00700","腾讯控股","575.00","1,000","575,000.00","已撤单","0@0.00","2025/03/09 18:39:03 (香港)","限价单","撤单前有效","不允许","","","","港股","HKD","","","","","","","","","","","","","","","","","","","","","","",""
"卖出","00700","腾讯控股","市价","500","260,000.00","全部成交","500@520.00","2025/03/09 18:34:27 (香港)","止损市价单","撤单前有效","","","520.00","","港股","HKD","","","","","300","520.00","156,000.00","2025/03/10 10:49:44 (香港)","港股","HKD","8186","","78","15","7.12","260","14.69","7.01","0.39","","","","382.21"
"","","","","","","","","","","","","","","","","","","","","","100","520.00","52,000.00","2025/03/10 10:49:44 (香港)","港股","HKD","5998","","","","","","","","","","","",""
"","","","","","","","","","","","","","","","","","","","","","100","520.00","52,000.00","2025/03/10 10:49:44 (香港)","港股","HKD","6996","","","","","","","","","","","",""
"卖出","00700","腾讯控股","545.00","500","272,500.00","已撤单","0@0.00","2025/03/09 18:34:27 (香港)","限价单","撤单前有效","不允许","","","","港股","HKD","","","","","","","","","","","","","","","","","","","","","","",""
"卖出","00700","腾讯控股","触及市价","500","0.00","已撤单","0@0.00","2025/03/09 18:31:55 (香港)","止损市价单","撤单前有效","","","510.00","","港股","HKD","","","","","","","","","","","","","","","","","","","","","","",""
"卖出","00700","腾讯控股","558.00","1,000","558,000.00","已撤单","0@0.00","2025/03/09 18:31:55 (香港)","限价单","撤单前有效","不允许","","","","港股","HKD","","","","","","","","","","","","","","","","","","","","","","",""
"卖出","00700","腾讯控股","510.00","1,000","510,000.00","已撤单","0@0.00","2025/03/09 18:30:33 (香港)","止损限价单","当日有效","","","510.00","","港股","HKD","","","","","","","","","","","","","","","","","","","","","","",""
"卖出","00700","腾讯控股","540.00","1,000","540,000.00","已撤单","0@0.00","2025/03/09 18:30:33 (香港)","限价单","当日有效","不允许","","","","港股","HKD","","","","","","","","","","","","","","","","","","","","","","",""
"买入","AMD","美国超微公司","88.00","150","13,200.00","已撤单","0@0.00","2025/03/07 11:37:17 (美东)","限价单","撤单前有效","","盘前+盘中+盘后","","","美股","USD","","","","","","","","","","","","","","","","","","","","","","",""
"卖出","09618","京东集团-SW","170.60","41","6,994.60","全部成交","41@170.60","2025/03/07 09:45:15 (香港)","碎股单","撤单前有效","不允许","","","","港股","HKD","","","","","41","170.60","6,994.60","2025/03/07 10:39:28 (香港)","港股","HKD","7067","","3","15","2","7","0.4","0.19","0.01","","","","27.6"
"买入","02359","药明康德","62.00","1,500","93,000.00","全部成交","1,500@62.00","2025/03/07 09:43:23 (香港)","限价单","撤单前有效","不允许","","","","港股","HKD","","","","","200","62.00","12,400.00","2025/03/12 10:22:25 (香港)","港股","HKD","8469","","27.9","15","10","96","5.25","2.5","0.15","","","","156.8"
"","","","","","","","","","","","","","","","","","","","","","600","62.00","37,200.00","2025/03/12 10:22:24 (香港)","港股","HKD","5998","","","","","","","","","","","",""
"","","","","","","","","","","","","","","","","","","","","","100","62.00","6,200.00","2025/03/12 10:22:23 (香港)","港股","HKD","6999","","","","","","","","","","","",""
"","","","","","","","","","","","","","","","","","","","","","400","62.00","24,800.00","2025/03/12 10:22:17 (香港)","港股","HKD","6998","","","","","","","","","","","",""
"","","","","","","","","","","","","","","","","","","","","","200","62.00","12,400.00","2025/03/12 10:22:11 (香港)","港股","HKD","6996","","","","","","","","","","","",""
"卖出","03690","美团-W","195.00","500","97,500.00","已撤单","0@0.00","2025/03/07 09:28:34 (香港)","限价单","撤单前有效","不允许","","","","港股","HKD","","","","","","","","","","","","","","","","","","","","","","",""
"买入","02359","药明康德","62.80","1,000","62,800.00","全部成交","1,000@62.50","2025/03/06 21:33:34 (香港)","限价单","撤单前有效","不允许","","","","港股","HKD","","","","","900","62.50","56,250.00","2025/03/07 09:30:52 (香港)","港股","HKD","6387","","18.75","15","4","64","3.53","1.69","0.09","","","","107.06"
"","","","","","","","","","","","","","","","","","","","","","100","62.50","6,250.00","2025/03/07 09:30:52 (香港)","港股","HKD","9025","","","","","","","","","","","",""
"卖出","00700","腾讯控股","530.00","300","159,000.00","全部成交","300@530.00","2025/03/06 21:25:37 (香港)","止损限价单","撤单前有效","","","530.00","","港股","HKD","","","","","300","530.00","159,000.00","2025/03/07 14:39:34 (香港)","港股","HKD","1598","","47.7","15","3.18","159","8.98","4.29","0.24","","","","238.39"
"卖出","00700","腾讯控股","570.00","1,000","570,000.00","已撤单","0@0.00","2025/03/06 21:25:37 (香港)","限价单","撤单前有效","不允许","","","","港股","HKD","","","","","","","","","","","","","","","","","","","","","","",""
"卖出","03690","美团-W","170.00","2,000","340,000.00","已撤单","0@0.00","2025/03/06 21:24:36 (香港)","止损限价单","撤单前有效","","","170.00","","港股","HKD","","","","","","","","","","","","","","","","","","","","","","",""
"卖出","03690","美团-W","193.00","3,000","579,000.00","已撤单","0@0.00","2025/03/06 21:24:36 (香港)","限价单","撤单前有效","不允许","","","","港股","HKD","","","","","","","","","","","","","","","","","","","","","","",""
"卖出","00700","腾讯控股","触及市价","300","0.00","已撤单","0@0.00","2025/03/06 21:22:03 (香港)","止损市价单","当日有效","","","530.00","","港股","HKD","","","","","","","","","","","","","","","","","","","","","","",""
"卖出","00700","腾讯控股","565.00","500","282,500.00","已撤单","0@0.00","2025/03/06 21:22:03 (香港)","限价单","当日有效","不允许","","","","港股","HKD","","","","","","","","","","","","","","","","","","","","","","",""
"买入","02359","药明康德","62.45","100","6,245.00","全部成交","100@62.45","2025/03/06 12:31:21 (香港)","限价单","当日有效","不允许","","","","港股","HKD","","","","","100","62.45","6,245.00","2025/03/06 13:01:08 (香港)","港股","HKD","2078","","3","15","2","7","0.35","0.17","0.01","","","","27.53"
"买入","00175","吉利汽车","15.50","5,000","77,500.00","已撤单","0@0.00","2025/03/04 09:52:58 (香港)","限价单","撤单前有效","不允许","","","","港股","HKD","","","","","","","","","","","","","","","","","","","","","","",""
"买入","TSLA","特斯拉","230.00","35","8,050.00","全部成交","35@229.59","2025/03/03 10:25:23 (美东)","限价单","撤单前有效","","盘中","","","美股","USD","","","","","35","229.59","8,035.65","2025/03/10 13:02:27 (美东)","美股","USD","","","1.99","0","0.11","","","","","","","","2.1"
"买入","GOOG","谷歌-C","145.00","50","7,250.00","已撤单","0@0.00","2025/03/03 10:24:14 (美东)","限价单","撤单前有效","","盘中","","","美股","USD","","","","","","","","","","","","","","","","","","","","","","",""
"卖出","OXY","西方石油","48.59","80","3,887.20","全部成交","80@48.59","2025/03/03 10:23:35 (美东)","限价单","当日有效","","盘前+盘中+盘后","","","美股","USD","","","","","80","48.59","3,887.20","2025/03/03 10:52:00 (美东)","美股","USD","","","1.99","0","0.24","","","","","0.11","0.01","","2.35"
"买入","00175","吉利汽车","16.50","3,000","49,500.00","全部成交","3,000@16.50","2025/03/03 14:26:38 (香港)","限价单","撤单前有效","不允许","","","","港股","HKD","","","","","3,000","16.50","49,500.00","2025/03/04 09:40:07 (香港)","港股","HKD","6699","","14.85","30","2","50","2.8","1.34","0.07","","","","101.06"
"买入","01698","腾讯音乐-SW","48.45","200","9,690.00","全部成交","200@48.45","2025/03/03 09:45:54 (香港)","限价单","当日有效","不允许","","","","港股","HKD","","","","","100","48.45","4,845.00","2025/03/03 09:45:55 (香港)","港股","HKD","4379","","3","30","4","10","0.54","0.26","0.02","","","","47.82"
"","","","","","","","","","","","","","","","","","","","","","100","48.45","4,845.00","2025/03/03 09:45:55 (香港)","港股","HKD","3448","","","","","","","","","","","",""
"买入","02359","药明康德","60.50","100","6,050.00","全部成交","100@60.50","2025/03/03 09:45:28 (香港)","限价单","当日有效","不允许","","","","港股","HKD","","","","","100","60.50","6,050.00","2025/03/03 09:45:28 (香港)","港股","HKD","5999","","3","30","2","7","0.34","0.16","0.01","","","","42.51"
"卖出","00700","腾讯控股","530.00","500","265,000.00","已撤单","0@0.00","2025/03/02 17:22:29 (香港)","限价单","撤单前有效","不允许","","","","港股","HKD","","","","","","","","","","","","","","","","","","","","","","",""
"卖出","00700","腾讯控股","522.00","200","104,400.00","已撤单","0@0.00","2025/03/02 17:22:23 (香港)","限价单","撤单前有效","不允许","","","","港股","HKD","","","","","","","","","","","","","","","","","","","","","","",""
"买入","00175","吉利汽车","17.80","7,000","124,600.00","全部成交","7,000@17.80","2025/03/02 09:47:04 (香港)","限价单","撤单前有效","不允许","","","","港股","HKD","","","","","2,000","17.80","35,600.00","2025/03/03 09:36:40 (香港)","港股","HKD","6968","","37.38","30","6","126","7.04","3.36","0.18","","","","209.96"
"","","","","","","","","","","","","","","","","","","","","","3,000","17.80","53,400.00","2025/03/03 09:36:40 (香港)","港股","HKD","1475","","","","","","","","","","","",""
"","","","","","","","","","","","","","","","","","","","","","2,000","17.80","35,600.00","2025/03/03 09:36:40 (香港)","港股","HKD","6968","","","","","","","","","","","",""
"卖出","01810","小米集团-W","市价","3,000","162,000.00","全部成交","3,000@54.00","2025/03/01 18:12:44 (香港)","触及市价单(止盈)","撤单前有效","","","54.00","","港股","HKD","","","","","3,000","54.00","162,000.00","2025/03/05 15:24:29 (香港)","港股","HKD","7092","","48.6","15","3.24","162","9.15","4.37","0.24","","","","242.6"
"卖出","01810","小米集团-W","49.50","7,000","346,500.00","全部成交","7,000@49.50","2025/03/01 18:11:35 (香港)","止损限价单","撤单前有效","","","49.50","","港股","HKD","","","","","4,400","49.50","217,800.00","2025/03/04 09:30:11 (香港)","港股","HKD","7351","","103.95","30","6.93","347","19.58","9.35","0.52","","","","517.33"
"","","","","","","","","","","","","","","","","","","","","","2,600","49.50","128,700.00","2025/03/04 09:30:11 (香港)","港股","HKD","3448","","","","","","","","","","","",""
"卖出","03690","美团-W","169.00","2,000","338,000.00","全部成交","2,000@169.00","2025/03/01 13:47:29 (香港)","限价单","撤单前有效","不允许","","","","港股","HKD","","","","","2,000","169.00","338,000.00","2025/03/05 09:42:42 (香港)","港股","HKD","3539","","101.4","15","6.76","338","19.1","9.13","0.51","","","","489.9"
"卖出","01810","小米集团-W","触及市价","5,000","0.00","已撤单","0@0.00","2025/03/01 12:45:23 (香港)","止损市价单","撤单前有效","","","49.00","","港股","HKD","","","","","","","","","","","","","","","","","","","","","","",""
"卖出","01810","小米集团-W","54.00","7,000","378,000.00","已撤单","0@0.00","2025/03/01 12:44:52 (香港)","限价单","撤单前有效","不允许","","","","港股","HKD","","","","","","","","","","","","","","","","","","","","","","",""
"卖出","01810","小米集团-W","51.85","5,000","259,250.00","已撤单","0@0.00","2025/03/01 10:17:32 (香港)","限价单","撤单前有效","不允许","","","","港股","HKD","","","","","","","","","","","","","","","","","","","","","","",""
"卖出","01810","小米集团-W","触及市价","5,000","0.00","已撤单","0@0.00","2025/03/01 09:23:19 (香港)","止损市价单","撤单前有效","","","49.50","","港股","HKD","","","","","","","","","","","","","","","","","","","","","","",""
"买入","TSLA","特斯拉","250.00","65","16,250.00","已撤单","0@0.00","2025/02/28 10:21:35 (美东)","限价单","撤单前有效","","盘中","","","美股","USD","","","","","","","","","","","","","","","","","","","","","","",""
"买入","GOOG","谷歌-C","150.00","100","15,000.00","已撤单","0@0.00","2025/02/28 10:20:43 (美东)","限价单","撤单前有效","","盘前+盘中+盘后","","","美股","USD","","","","","","","","","","","","","","","","","","","","","","",""
"卖出","00700","腾讯控股","520.00","500","260,000.00","已撤单","0@0.00","2025/02/28 09:01:09 (香港)","限价单","撤单前有效","不允许","","","","港股","HKD","","","","","","","","","","","","","","","","","","","","","","",""
"买入","TSLA","特斯拉","280.00","30","8,400.00","全部成交","30@280.00","2025/02/26 15:26:37 (美东)","限价单","撤单前有效","","盘前+盘中+盘后","","","美股","USD","","","","","30","280.00","8,400.00","2025/02/28 04:03:26 (美东)","美股","USD","","","1.99","0","0.09","","","","","","","","2.08"
"买入","TSLA","特斯拉","280.00","20","5,600.00","已撤单","0@0.00","2025/02/26 15:26:05 (美东)","限价单","当日有效","","盘前+盘中+盘后","","","美股","USD","","","","","","","","","","","","","","","","","","","","","","",""
"买入","META","Meta Platforms","600.00","20","12,000.00","已撤单","0@0.00","2025/02/25 10:43:23 (美东)","限价单","当日有效","","盘中","","","美股","USD","","","","","","","","","","","","","","","","","","","","","","",""
"卖出","00700","腾讯控股","520.00","500","260,000.00","已撤单","0@0.00","2025/02/25 23:39:47 (香港)","限价单","撤单前有效","不允许","","","","港股","HKD","","","","","","","","","","","","","","","","","","","","","","",""
"买入","TSLA","特斯拉","285.00","50","14,250.00","已撤单","0@0.00","2025/02/25 09:34:50 (美东)","限价单","撤单前有效","","盘中","","","美股","USD","","","","","","","","","","","","","","","","","","","","","","",""
"卖出","00700","腾讯控股","516.00","200","103,200.00","全部成交","200@516.00","2025/02/21 15:59:28 (香港)","限价单","当日有效","不允许","","","","港股","HKD","","","","","200","516.00","103,200.00","2025/02/21 15:59:28 (香港)","港股","HKD","6999","","30.96","10","2.06","104","5.83","2.79","0.15","","","","155.79"
"卖出","00853","微创医疗","8.05","8,000","64,400.00","全部成交","8,000@8.05","2025/02/21 13:53:10 (香港)","限价单","当日有效","不允许","","","","港股","HKD","","","","","5,100","8.05","41,055.00","2025/02/21 13:55:35 (香港)","港股","HKD","2454","","19.32","10","6","67","3.64","1.74","0.1","","","","107.8"
"","","","","","","","","","","","","","","","","","","","","","500","8.05","4,025.00","2025/02/21 13:55:30 (香港)","港股","HKD","6997","","","","","","","","","","","",""
"","","","","","","","","","","","","","","","","","","","","","2,400","8.05","19,320.00","2025/02/21 13:55:15 (香港)","港股","HKD","7351","","","","","","","","","","","",""
"卖出","01810","小米集团-W","50.70","1,800","91,260.00","全部成交","1,800@50.70","2025/02/21 13:51:22 (香港)","限价单","当日有效","不允许","","","","港股","HKD","","","","","1,800","50.70","91,260.00","2025/02/21 13:51:41 (香港)","港股","HKD","8565","","27.38","15","2","92","5.16","2.46","0.14","","","","144.14"
"卖出","00700","腾讯控股","510.00","200","102,000.00","全部成交","200@510.00","2025/02/21 12:58:48 (香港)","限价单","撤单前有效","不允许","","","","港股","HKD","","","","","200","510.00","102,000.00","2025/02/21 13:05:08 (香港)","港股","HKD","1048","","30.6","15","2.04","102","5.76","2.75","0.15","","","","158.3"
"卖出","00700","腾讯控股","510.00","400","204,000.00","已撤单","0@0.00","2025/02/21 09:32:43 (香港)","限价单","当日有效","不允许","","","","港股","HKD","","","","","","","","","","","","","","","","","","","","","","",""
"买入","GOOG","谷歌-C","135.00","100","13,500.00","已撤单","0@0.00","2025/02/20 07:37:05 (美东)","限价单","撤单前有效","","盘中","","","美股","USD","","","","","","","","","","","","","","","","","","","","","","",""
"买入","AMD","美国超微公司","114.92","20","2,298.40","全部成交","20@114.92","2025/02/19 10:39:33 (美东)","限价单","当日有效","","盘前+盘中+盘后","","","美股","USD","","","","","20","114.92","2,298.40","2025/02/19 10:40:55 (美东)","美股","USD","","","1.99","0","0.06","","","","","","","","2.05"
"买入","OXY","西方石油","45.00","100","4,500.00","已撤单","0@0.00","2025/02/19 10:09:45 (美东)","限价单","撤单前有效","","盘中","","","美股","USD","","","","","","","","","","","","","","","","","","","","","","",""
"卖出","META","Meta Platforms","698.47","1","698.47","全部成交","1@698.47","2025/02/19 10:05:49 (美东)","限价单","当日有效","","盘前+盘中+盘后","","","美股","USD","","","","","1","698.47","698.47","2025/02/19 10:05:50 (美东)","美股","USD","","","1.99","0","0","","","","","0.02","0.01","","2.02"
"卖出","MSFT","微软","408.46","10","4,084.60","全部成交","10@408.521","2025/02/19 10:05:13 (美东)","限价单","当日有效","","盘前+盘中+盘后","","","美股","USD","","","","","10","408.521","4,085.21","2025/02/19 10:05:13 (美东)","美股","USD","","","1.99","0","0.03","","","","","0.11","0.01","","2.14"
"买入","OXY","西方石油","51.24","100","5,124.00","全部成交","100@51.24","2025/02/19 10:04:17 (美东)","限价单","当日有效","","盘前+盘中+盘后","","","美股","USD","","","","","100","51.24","5,124.00","2025/02/19 10:04:29 (美东)","美股","USD","","","1.99","0","0.3","","","","","","","","2.29"
"买入","AMD","美国超微公司","115.00","10","1,150.00","全部成交","10@115.00","2025/02/18 09:41:29 (美东)","限价单","当日有效","","盘前+盘中+盘后","","","美股","USD","","","","","10","115.00","1,150.00","2025/02/18 09:44:03 (美东)","美股","USD","","","1.99","0","0.03","","","","","","","","2.02"
"买入","AMD","美国超微公司","114.59","10","1,145.90","全部成交","10@114.59","2025/02/18 09:36:05 (美东)","限价单","当日有效","","盘前+盘中+盘后","","","美股","USD","","","","","10","114.59","1,145.90","2025/02/18 09:37:04 (美东)","美股","USD","","","1.99","0","0.03","","","","","","","","2.02"
"卖出","00700","腾讯控股","515.00","300","154,500.00","全部成交","300@515.00","2025/02/18 18:59:39 (香港)","限价单","撤单前有效","不允许","","","","港股","HKD","","","","","300","515.00","154,500.00","2025/02/21 15:34:35 (香港)","港股","HKD","4378","","46.35","10","3.09","155","8.73","4.17","0.23","","","","227.57"
"卖出","01810","小米集团-W","45.00","1,600","72,000.00","已撤单","0@0.00","2025/02/18 14:06:59 (香港)","止损限价单","撤单前有效","","","45.00","","港股","HKD","","","","","","","","","","","","","","","","","","","","","","",""
"卖出","03690","美团-W","190.00","2,000","380,000.00","已撤单","0@0.00","2025/02/18 14:05:10 (香港)","限价单","撤单前有效","不允许","","","","港股","HKD","","","","","","","","","","","","","","","","","","","","","","",""
"卖出","03690","美团-W","188.00","1,500","282,000.00","已撤单","0@0.00","2025/02/18 14:04:40 (香港)","限价单","撤单前有效","不允许","","","","港股","HKD","","","","","","","","","","","","","","","","","","","","","","",""
"卖出","09988","阿里巴巴-W","121.50","200","24,300.00","全部成交","200@121.50","2025/02/18 14:03:25 (香港)","止损限价单","撤单前有效","","","121.50","","港股","HKD","","","","","200","121.50","24,300.00","2025/02/20 09:35:47 (香港)","港股","HKD","8577","","7.29","15","2","25","1.37","0.66","0.04","","","","51.36"
"卖出","03690","美团-W","180.00","1,000","180,000.00","已撤单","0@0.00","2025/02/18 12:13:33 (香港)","限价单","撤单前有效","不允许","","","","港股","HKD","","","","","","","","","","","","","","","","","","","","","","",""
"卖出","00700","腾讯控股","512.00","200","102,400.00","全部成交","200@512.00","2025/02/18 12:10:48 (香港)","限价单","撤单前有效","不允许","","","","港股","HKD","","","","","200","512.00","102,400.00","2025/02/18 13:02:21 (香港)","港股","HKD","6968","","30.72","15","2.05","103","5.79","2.76","0.15","","","","159.47"
"买入","00175","吉利汽车","17.06","1,000","17,060.00","全部成交","1,000@17.04","2025/02/18 09:35:35 (香港)","限价单","当日有效","不允许","","","","港股","HKD","","","","","1,000","17.04","17,040.00","2025/02/18 09:35:36 (香港)","港股","HKD","6997","","5.11","15","2","18","0.96","0.46","0.03","","","","41.56"
"卖出","00700","腾讯控股","510.00","200","102,000.00","已撤单","0@0.00","2025/02/18 09:33:44 (香港)","限价单","撤单前有效","不允许","","","","港股","HKD","","","","","","","","","","","","","","","","","","","","","","",""
"买入","09988","阿里巴巴-W","124.50","100","12,450.00","全部成交","100@124.50","2025/02/17 13:00:49 (香港)","限价单","当日有效","不允许","","","","港股","HKD","","","","","100","124.50","12,450.00","2025/02/17 13:00:50 (香港)","港股","HKD","8513","","3.74","15","2","13","0.7","0.34","0.02","","","","34.8"
"买入","02382","舜宇光学科技","75.00","2,000","150,000.00","已撤单","0@0.00","2025/02/16 09:18:28 (香港)","限价单","撤单前有效","不允许","","","","港股","HKD","","","","","","","","","","","","","","","","","","","","","","",""
"买入","00853","微创医疗","7.00","10,000","70,000.00","已撤单","0@0.00","2025/02/14 22:12:35 (香港)","限价单","撤单前有效","不允许","","","","港股","HKD","","","","","","","","","","","","","","","","","","","","","","",""
"卖出","01810","小米集团-W","42.75","2,000","85,500.00","全部成交","2,000@42.75","2025/02/13 14:34:33 (香港)","限价单","当日有效","不允许","","","","港股","HKD","","","","","2,000","42.75","85,500.00","2025/02/13 14:34:33 (香港)","港股","HKD","4450","","25.65","15","2","86","4.83","2.31","0.13","","","","135.92"
"买入","09988","阿里巴巴-W","125.00","500","62,500.00","已撤单","0@0.00","2025/02/13 14:32:21 (香港)","限价单","撤单前有效","不允许","","","","港股","HKD","","","","","","","","","","","","","","","","","","","","","","",""
"买入","09988","阿里巴巴-W","115.00","500","57,500.00","已撤单","0@0.00","2025/02/13 14:32:14 (香港)","限价单","撤单前有效","不允许","","","","港股","HKD","","","","","","","","","","","","","","","","","","","","","","",""
"买入","09988","阿里巴巴-W","117.50","100","11,750.00","全部成交","100@117.50","2025/02/13 09:48:35 (香港)","限价单","当日有效","不允许","","","","港股","HKD","","","","","100","117.50","11,750.00","2025/02/13 09:48:36 (香港)","港股","HKD","489","","3.53","15","2","12","0.66","0.32","0.02","","","","33.53"
"买入","00853","微创医疗","6.90","8,500","58,650.00","全部成交","8,500@6.90","2025/02/12 18:57:00 (香港)","限价单","撤单前有效","不允许","","","","港股","HKD","","","","","600","6.90","4,140.00","2025/02/13 15:48:19 (香港)","港股","HKD","5998","","17.6","15","6","60","3.31","1.58","0.09","","","","103.58"
"","","","","","","","","","","","","","","","","","","","","","5,500","6.90","37,950.00","2025/02/13 15:48:18 (香港)","港股","HKD","2457","","","","","","","","","","","",""
"","","","","","","","","","","","","","","","","","","","","","2,400","6.90","16,560.00","2025/02/13 15:48:17 (香港)","港股","HKD","2246","","","","","","","","","","","",""
"卖出","01810","小米集团-W","45.00","1,000","45,000.00","已撤单","0@0.00","2025/02/12 12:51:10 (香港)","限价单","撤单前有效","不允许","","","","港股","HKD","","","","","","","","","","","","","","","","","","","","","","",""
"买入","09988","阿里巴巴-W","111.90","100","11,190.00","全部成交","100@111.80","2025/02/12 12:46:57 (香港)","限价单","当日有效","不允许","","","","港股","HKD","","","","","100","111.80","11,180.00","2025/02/12 13:00:12 (香港)","港股","HKD","2041","","3.35","15","2","12","0.63","0.3","0.02","","","","33.3"
"买入","00853","微创医疗","7.34","100","734.00","全部成交","100@7.34","2025/02/12 12:46:19 (香港)","限价单","当日有效","不允许","","","","港股","HKD","","","","","100","7.34","734.00","2025/02/12 13:00:12 (香港)","港股","HKD","8518","","3","15","2","1","0.04","0.02","0","","","","21.06"
"买入","00175","吉利汽车","17.00","5,000","85,000.00","已撤单","0@0.00","2025/02/12 12:18:06 (香港)","限价单","撤单前有效","不允许","","","","港股","HKD","","","","","","","","","","","","","","","","","","","","","","",""
"买入","09988","阿里巴巴-W","109.00","100","10,900.00","已撤单","0@0.00","2025/02/12 09:29:46 (香港)","限价单","当日有效","不允许","","","","港股","HKD","","","","","","","","","","","","","","","","","","","","","","",""
"卖出","TSLA","特斯拉","330.00","30","9,900.00","全部成交","30@330.00","2025/02/11 09:57:02 (美东)","止损限价单","撤单前有效","","盘中","330.00","","美股","USD","","","","","3","330.00","990.00","2025/02/24 10:00:04 (美东)","美股","USD","","","1.99","0","0.09","","","","","0.28","0.02","","2.38"
"","","","","","","","","","","","","","","","","","","","","","27","330.00","8,910.00","2025/02/24 10:00:04 (美东)","美股","USD","","","","","","","","","","","","",""
"买入","00175","吉利汽车","16.42","1,000","16,420.00","全部成交","1,000@16.42","2025/02/11 09:46:59 (香港)","限价单","当日有效","不允许","","","","港股","HKD","","","","","1,000","16.42","16,420.00","2025/02/11 09:47:00 (香港)","港股","HKD","4107","","4.93","15","2","17","0.93","0.44","0.02","","","","40.32"
"买入","00175","吉利汽车","16.00","3,000","48,000.00","全部成交","3,000@16.00","2025/02/10 23:36:22 (香港)","限价单","撤单前有效","不允许","","","","港股","HKD","","","","","3,000","16.00","48,000.00","2025/02/11 10:31:28 (香港)","港股","HKD","5338","","14.4","15","2","48","2.71","1.3","0.07","","","","83.48"
"买入","00175","吉利汽车","17.72","1,000","17,720.00","全部成交","1,000@17.72","2025/02/08 13:00:32 (香港)","限价单","撤单前有效","不允许","","","","港股","HKD","","","","","1,000","17.72","17,720.00","2025/02/10 09:50:58 (香港)","港股","HKD","5998","","5.32","15","2","18","1","0.48","0.03","","","","41.83"
"买入","AAPL","苹果","230.57","10","2,305.70","全部成交","10@230.57","2025/02/07 10:28:59 (美东)","限价单","当日有效","","盘前+盘中+盘后","","","美股","USD","","","","","10","230.57","2,305.70","2025/02/07 10:29:10 (美东)","美股","USD","","","1.99","0","0.03","","","","","","","","2.02"
"卖出","DIS","迪士尼","111.91","100","11,191.00","全部成交","100@111.91","2025/02/07 10:13:16 (美东)","限价单","当日有效","","盘前+盘中+盘后","","","美股","USD","","","","","18","111.91","2,014.38","2025/02/07 10:14:13 (美东)","美股","USD","","","1.99","0","0.3","","","","","0.32","0.02","","2.63"
"","","","","","","","","","","","","","","","","","","","","","82","111.91","9,176.62","2025/02/07 10:14:13 (美东)","美股","USD","","","","","","","","","","","","",""
"卖出","00700","腾讯控股","430.00","200","86,000.00","全部成交","200@430.00","2025/02/07 10:44:19 (香港)","限价单","当日有效","不允许","","","","港股","HKD","","","","","200","430.00","86,000.00","2025/02/07 11:33:37 (香港)","港股","HKD","2421","","25.8","15","2","86","4.86","2.32","0.13","","","","136.11"
"买入","GOOG","谷歌-C","170.00","50","8,500.00","全部成交","50@169.94","2025/02/06 10:51:53 (美东)","限价单","撤单前有效","","盘中","","","美股","USD","","","","","50","169.94","8,497.00","2025/02/27 15:56:13 (美东)","美股","USD","","","1.99","0","0.15","","","","","","","","2.14"
"买入","TSLA","特斯拉","366.19","5","1,830.95","全部成交","5@366.19","2025/02/06 10:50:55 (美东)","限价单","当日有效","","盘前+盘中+盘后","","","美股","USD","","","","","5","366.19","1,830.95","2025/02/06 10:50:56 (美东)","美股","USD","","","1.99","0","0.02","","","","","","","","2.01"
"买入","AMD","美国超微公司","95.00","50","4,750.00","已撤单","0@0.00","2025/02/06 10:50:34 (美东)","限价单","撤单前有效","","盘中","","","美股","USD","","","","","","","","","","","","","","","","","","","","","","",""
"卖出","00700","腾讯控股","420.00","200","84,000.00","全部成交","200@420.40","2025/02/06 09:39:26 (香港)","限价单","撤单前有效","不允许","","","","港股","HKD","","","","","200","420.40","84,080.00","2025/02/06 16:08:08 (香港)","港股","HKD","3436","","25.22","30","2","85","4.75","2.27","0.13","","","","149.37"
"买入","GOOG","谷歌-C","180.00","20","3,600.00","已撤单","0@0.00","2025/02/05 07:45:33 (美东)","限价单","当日有效","","盘前+盘中+盘后","","","美股","USD","","","","","","","","","","","","","","","","","","","","","","",""
"买入","GOOG","谷歌-C","193.43","10","1,934.30","全部成交","10@193.43","2025/02/05 05:27:44 (美东)","限价单","当日有效","","盘前+盘中+盘后","","","美股","USD","","","","","10","193.43","1,934.30","2025/02/05 05:27:44 (美东)","美股","USD","","","1.99","0","0.03","","","","","","","","2.02"
"买入","GOOG","谷歌-C","192.99","10","1,929.90","全部成交","10@192.96","2025/02/05 05:15:52 (美东)","限价单","当日有效","","盘前+盘中+盘后","","","美股","USD","","","","","10","192.96","1,929.60","2025/02/05 05:15:52 (美东)","美股","USD","","","1.99","0","0.03","","","","","","","","2.02"
"卖出","00700","腾讯控股","428.00","200","85,600.00","已撤单","0@0.00","2025/02/05 13:09:21 (香港)","限价单","当日有效","不允许","","","","港股","HKD","","","","","","","","","","","","","","","","","","","","","","",""
"卖出","00700","腾讯控股","422.00","200","84,400.00","已撤单","0@0.00","2025/02/05 13:09:17 (香港)","限价单","当日有效","不允许","","","","港股","HKD","","","","","","","","","","","","","","","","","","","","","","",""
"买入","AMD","美国超微公司","113.56","10","1,135.60","全部成交","10@113.54","2025/02/03 10:18:18 (美东)","限价单","当日有效","","盘前+盘中+盘后","","","美股","USD","","","","","10","113.54","1,135.40","2025/02/03 10:18:18 (美东)","美股","USD","","","1.99","0","0.03","","","","","","","","2.02"
"卖出","META","Meta Platforms","686.16","10","6,861.60","全部成交","10@686.16","2025/02/03 10:17:12 (美东)","限价单","当日有效","","盘前+盘中+盘后","","","美股","USD","","","","","10","686.16","6,861.60","2025/02/03 10:17:23 (美东)","美股","USD","","","1.99","0","0.03","","","","","0.19","0.01","","2.22"
"买入","TSLA","特斯拉","345.00","25","8,625.00","全部成交","25@345.00","2025/02/03 06:24:54 (美东)","限价单","撤单前有效","","盘中","","","美股","USD","","","","","25","345.00","8,625.00","2025/02/11 09:30:08 (美东)","美股","USD","","","1.99","0","0.08","","","","","","","","2.07"
"买入","MSFT","微软","390.00","5","1,950.00","已撤单","0@0.00","2025/02/03 06:23:07 (美东)","限价单","撤单前有效","","盘中","","","美股","USD","","","","","","","","","","","","","","","","","","","","","","",""
"卖出","03690","美团-W","148.00","400","59,200.00","全部成交","400@148.00","2025/02/03 10:17:13 (香港)","限价单","撤单前有效","不允许","","","","港股","HKD","","","","","400","148.00","59,200.00","2025/02/04 10:04:18 (香港)","港股","HKD","5328","","17.76","30","2","60","3.34","1.6","0.09","","","","114.79"
"买入","03690","美团-W","141.10","200","28,220.00","全部成交","200@141.10","2025/02/03 10:06:12 (香港)","限价单","当日有效","不允许","","","","港股","HKD","","","","","200","141.10","28,220.00","2025/02/03 10:06:12 (香港)","港股","HKD","8513","","8.47","30","2","29","1.59","0.76","0.04","","","","71.86"
"买入","03690","美团-W","141.70","200","28,340.00","全部成交","200@141.70","2025/02/03 09:46:59 (香港)","限价单","当日有效","不允许","","","","港股","HKD","","","","","200","141.70","28,340.00","2025/02/03 09:46:59 (香港)","港股","HKD","6431","","8.5","30","2","29","1.6","0.77","0.04","","","","71.91"
"买入","MSFT","微软","415.00","5","2,075.00","全部成交","5@415.00","2025/01/31 11:55:05 (美东)","限价单","撤单前有效","","盘中","","","美股","USD","","","","","5","415.00","2,075.00","2025/01/31 15:59:54 (美东)","美股","USD","","","1.99","0","0.02","","","","","","","","2.01"
"买入","MSFT","微软","416.33","5","2,081.65","全部成交","5@416.33","2025/01/31 11:54:54 (美东)","限价单","当日有效","","盘中","","","美股","USD","","","","","5","416.33","2,081.65","2025/01/31 11:54:54 (美东)","美股","USD","","","1.99","0","0.02","","","","","","","","2.01"
"买入","MSFT","微软","415.00","10","4,150.00","已撤单","0@0.00","2025/01/31 08:54:27 (美东)","限价单","撤单前有效","","盘前+盘中+盘后","","","美股","USD","","","","","","","","","","","","","","","","","","","","","","",""
"买入","TSLA","特斯拉","350.00","15","5,250.00","已撤单","0@0.00","2025/01/31 07:33:16 (美东)","限价单","撤单前有效","","盘中","","","美股","USD","","","","","","","","","","","","","","","","","","","","","","",""
"买入","AMD","美国超微公司","114.36","10","1,143.60","全部成交","10@114.36","2025/01/28 12:27:48 (美东)","限价单","当日有效","","盘前+盘中+盘后","","","美股","USD","","","","","10","114.36","1,143.60","2025/01/28 12:28:34 (美东)","美股","USD","","","1.99","0","0.03","","","","","","","","2.02"
"卖出","01810","小米集团-W","36.80","1,000","36,800.00","全部成交","1,000@36.80","2025/01/24 15:38:02 (香港)","限价单","当日有效","不允许","","","","港股","HKD","","","","","1,000","36.80","36,800.00","2025/01/24 15:40:09 (香港)","港股","HKD","4458","","11.04","30","2","37","2.08","0.99","0.06","","","","83.17"
"卖出","02382","舜宇光学科技","72.55","200","14,510.00","全部成交","200@72.55","2025/01/24 15:22:24 (香港)","限价单","当日有效","不允许","","","","港股","HKD","","","","","200","72.55","14,510.00","2025/01/24 15:22:24 (香港)","港股","HKD","5337","","4.35","30","2","15","0.82","0.39","0.02","","","","52.58"
"买入","01810","小米集团-W","28.00","5,000","140,000.00","已撤单","0@0.00","2025/01/20 23:26:17 (香港)","限价单","撤单前有效","不允许","","","","港股","HKD","","","","","","","","","","","","","","","","","","","","","","",""
"买入","DIS","迪士尼","107.00","10","1,070.00","全部成交","10@107.00","2025/01/17 10:12:02 (美东)","限价单","撤单前有效","","盘中","","","美股","USD","","","","","10","107.00","1,070.00","2025/01/17 15:59:50 (美东)","美股","USD","","","1.99","0","0.03","","","","","","","","2.02"
"买入","TSLA","特斯拉","375.00","20","7,500.00","全部成交","20@375.00","2025/01/03 05:36:10 (美东)","限价单","撤单前有效","","盘前+盘中+盘后","","","美股","USD","","","","","20","375.00","7,500.00","2025/01/29 16:04:54 (美东)","美股","USD","","","1.99","0","0.06","","","","","","","","2.05"
"买入","03690","美团-W","149.10","70","10,437.00","全部成交","70@149.10","2025/01/02 10:06:40 (香港)","碎股单","当日有效","不允许","","","","港股","HKD","","","","","70","149.10","10,437.00","2025/01/02 10:15:56 (香港)","港股","HKD","1577","","3.13","30","2","11","0.59","0.28","0.02","","","","47.02"
"买入","03690","美团-W","149.00","200","29,800.00","全部成交","200@149.00","2025/01/02 10:06:12 (香港)","限价单","当日有效","不允许","","","","港股","HKD","","","","","200","149.00","29,800.00","2025/01/02 10:06:12 (香港)","港股","HKD","4421","","8.94","30","2","30","1.68","0.8","0.04","","","","73.46"
"卖出","00700","腾讯控股","","","","","","","","","","","","","","","","","","","200","425.00","85,000.00","2025/02/07 10:19:22 (香港)","港股","HKD","5999","无对应订单记录","","","","","","","","","","",""
"卖出","DIS","迪士尼","","","","","","","","","","","","","","","","","","","100","108.9401","10,894.01","2025/01/08 12:08:56 (美东)","美股","USD","","无对应订单记录","","","","","","","","","","",""